[     221ms] [ERROR] Failed to load resource: net::ERR_ADDRESS_INVALID @ https://ogads-pa.clients6.google.com/$rpc/google.internal.onegoogle.asyncdata.v1.AsyncDataService/GetAsyncData:0
[17514550ms] [ERROR] Failed to load resource: net::ERR_ADDRESS_INVALID @ https://static.cloudflareinsights.com/beacon.min.js:0
[17514601ms] [ERROR] Failed to load resource: net::ERR_ADDRESS_INVALID @ https://geolocation.onetrust.com/cookieconsentpub/v1/geo/location:0
[17514698ms] [LOG] [ Federation Runtime ] Version 18.2.0 from dashboard of shared singleton module react does not satisfy the requirement of dashboard which needs catalog:react18) @ https://dash.cloudflare.com/runtime.47e2bb97ff22e001.js:3
[17514699ms] [LOG] [ Federation Runtime ] Version 11.7.0 from dashboard of shared singleton module react-fela does not satisfy the requirement of dashboard which needs 11.6.1) @ https://dash.cloudflare.com/runtime.47e2bb97ff22e001.js:3
[17514699ms] [LOG] [ Federation Runtime ] Version 18.2.0 from dashboard of shared singleton module react-dom does not satisfy the requirement of dashboard which needs catalog:react18) @ https://dash.cloudflare.com/runtime.47e2bb97ff22e001.js:3
[17514699ms] [LOG] [ Federation Runtime ] Version 1.12.9 from dashboard of shared singleton module @cloudflare/intl-react does not satisfy the requirement of dashboard which needs workspace:^) @ https://dash.cloudflare.com/runtime.47e2bb97ff22e001.js:3
[17514700ms] [LOG] [ Federation Runtime ] Version 1.12.9 from dashboard of shared singleton module @cloudflare/intl-react does not satisfy the requirement of dashboard which needs workspace:^) @ https://dash.cloudflare.com/runtime.47e2bb97ff22e001.js:3
[17514700ms] [LOG] [ Federation Runtime ] Version 1.12.9 from dashboard of shared singleton module @cloudflare/intl-react does not satisfy the requirement of dashboard which needs workspace:^) @ https://dash.cloudflare.com/runtime.47e2bb97ff22e001.js:3
[17514700ms] [LOG] [ Federation Runtime ] Version 1.12.9 from dashboard of shared singleton module @cloudflare/intl-react does not satisfy the requirement of dashboard which needs workspace:^) @ https://dash.cloudflare.com/runtime.47e2bb97ff22e001.js:3
[17514700ms] [LOG] [ Federation Runtime ] Version 1.12.9 from dashboard of shared singleton module @cloudflare/intl-react does not satisfy the requirement of dashboard which needs workspace:^) @ https://dash.cloudflare.com/runtime.47e2bb97ff22e001.js:3
[17514768ms] [LOG] [ Federation Runtime ] Version 18.2.0 from dashboard of shared singleton module react does not satisfy the requirement of dashboard which needs catalog:react18) @ https://dash.cloudflare.com/runtime.47e2bb97ff22e001.js:3
[17514768ms] [LOG] [ Federation Runtime ] Version 18.2.0 from dashboard of shared singleton module react-dom does not satisfy the requirement of dashboard which needs catalog:react18) @ https://dash.cloudflare.com/runtime.47e2bb97ff22e001.js:3
[17514988ms] [LOG] [ Federation Runtime ] Version 11.7.0 from dashboard of shared singleton module react-fela does not satisfy the requirement of dashboard which needs 11.6.1) @ https://dash.cloudflare.com/runtime.47e2bb97ff22e001.js:3
[17515020ms] [LOG] [ Federation Runtime ] Version 1.12.9 from dashboard of shared singleton module @cloudflare/intl-react does not satisfy the requirement of dashboard which needs workspace:^) @ https://dash.cloudflare.com/runtime.47e2bb97ff22e001.js:3
[17515490ms] [ERROR] Failed to load resource: net::ERR_ADDRESS_INVALID @ https://sparrow.cloudflare.com/api/v1/identify:0
[17515645ms] [LOG] [ Federation Runtime ] Version 1.12.9 from dashboard of shared singleton module @cloudflare/intl-react does not satisfy the requirement of dashboard which needs workspace:^) @ https://dash.cloudflare.com/cf-24b56b9ee1ac5b84.js:2
[17515646ms] [LOG] [ Federation Runtime ] Version 1.12.9 from dashboard of shared singleton module @cloudflare/intl-react does not satisfy the requirement of dashboard which needs workspace:^) @ https://dash.cloudflare.com/cf-24b56b9ee1ac5b84.js:2
[17515646ms] [LOG] [ Federation Runtime ] Version 1.12.9 from dashboard of shared singleton module @cloudflare/intl-react does not satisfy the requirement of dashboard which needs workspace:^) @ https://dash.cloudflare.com/cf-24b56b9ee1ac5b84.js:2
[17515646ms] [LOG] [ Federation Runtime ] Version 1.12.9 from dashboard of shared singleton module @cloudflare/intl-react does not satisfy the requirement of dashboard which needs workspace:^) @ https://dash.cloudflare.com/cf-24b56b9ee1ac5b84.js:2
[17515646ms] [LOG] [ Federation Runtime ] Version 1.12.9 from dashboard of shared singleton module @cloudflare/intl-react does not satisfy the requirement of dashboard which needs workspace:^) @ https://dash.cloudflare.com/cf-24b56b9ee1ac5b84.js:2
[17515646ms] [LOG] [ Federation Runtime ] Version 1.12.9 from dashboard of shared singleton module @cloudflare/intl-react does not satisfy the requirement of dashboard which needs workspace:^) @ https://dash.cloudflare.com/cf-24b56b9ee1ac5b84.js:2
[17515646ms] [LOG] [ Federation Runtime ] Version 1.12.9 from dashboard of shared singleton module @cloudflare/intl-react does not satisfy the requirement of dashboard which needs workspace:^) @ https://dash.cloudflare.com/cf-24b56b9ee1ac5b84.js:2
[17515647ms] [LOG] [ Federation Runtime ] Version 1.12.9 from dashboard of shared singleton module @cloudflare/intl-react does not satisfy the requirement of dashboard which needs workspace:^) @ https://dash.cloudflare.com/cf-24b56b9ee1ac5b84.js:2
[17515647ms] [LOG] [ Federation Runtime ] Version 1.12.9 from dashboard of shared singleton module @cloudflare/intl-react does not satisfy the requirement of dashboard which needs workspace:^) @ https://dash.cloudflare.com/cf-24b56b9ee1ac5b84.js:2
[17515647ms] [LOG] [ Federation Runtime ] Version 1.12.9 from dashboard of shared singleton module @cloudflare/intl-react does not satisfy the requirement of dashboard which needs workspace:^) @ https://dash.cloudflare.com/cf-24b56b9ee1ac5b84.js:2
[17515647ms] [LOG] [ Federation Runtime ] Version 1.12.9 from dashboard of shared singleton module @cloudflare/intl-react does not satisfy the requirement of dashboard which needs workspace:^) @ https://dash.cloudflare.com/cf-24b56b9ee1ac5b84.js:2
[17515647ms] [LOG] [ Federation Runtime ] Version 1.12.9 from dashboard of shared singleton module @cloudflare/intl-react does not satisfy the requirement of dashboard which needs workspace:^) @ https://dash.cloudflare.com/cf-24b56b9ee1ac5b84.js:2
[17515647ms] [LOG] [ Federation Runtime ] Version 1.12.9 from dashboard of shared singleton module @cloudflare/intl-react does not satisfy the requirement of dashboard which needs workspace:^) @ https://dash.cloudflare.com/cf-24b56b9ee1ac5b84.js:2
[17515647ms] [LOG] [ Federation Runtime ] Version 1.12.9 from dashboard of shared singleton module @cloudflare/intl-react does not satisfy the requirement of dashboard which needs workspace:^) @ https://dash.cloudflare.com/cf-24b56b9ee1ac5b84.js:2
[17515647ms] [LOG] [ Federation Runtime ] Version 1.12.9 from dashboard of shared singleton module @cloudflare/intl-react does not satisfy the requirement of dashboard which needs workspace:^) @ https://dash.cloudflare.com/cf-24b56b9ee1ac5b84.js:2
[17515647ms] [LOG] [ Federation Runtime ] Version 1.12.9 from dashboard of shared singleton module @cloudflare/intl-react does not satisfy the requirement of dashboard which needs workspace:^) @ https://dash.cloudflare.com/cf-24b56b9ee1ac5b84.js:2
[17515647ms] [LOG] [ Federation Runtime ] Version 1.12.9 from dashboard of shared singleton module @cloudflare/intl-react does not satisfy the requirement of dashboard which needs workspace:^) @ https://dash.cloudflare.com/cf-24b56b9ee1ac5b84.js:2
[17515647ms] [LOG] [ Federation Runtime ] Version 1.12.9 from dashboard of shared singleton module @cloudflare/intl-react does not satisfy the requirement of dashboard which needs workspace:^) @ https://dash.cloudflare.com/cf-24b56b9ee1ac5b84.js:2
[17515647ms] [LOG] [ Federation Runtime ] Version 1.12.9 from dashboard of shared singleton module @cloudflare/intl-react does not satisfy the requirement of dashboard which needs workspace:^) @ https://dash.cloudflare.com/cf-24b56b9ee1ac5b84.js:2
[17515787ms] [ERROR] Failed to load resource: the server responded with a status of 403 () @ https://dash.cloudflare.com/api/v4/organizations?per_page=100:0
[17515804ms] [ERROR] Failed to load resource: the server responded with a status of 403 () @ https://dash.cloudflare.com/api/v4/accounts/26222712d3392b2288d8a171310de415/organizations:0
[17516473ms] [ERROR] error loading authz policy data, displayed UI may not reflect actual policies @ https://dash.cloudflare.com/cf-24b56b9ee1ac5b84.js:2
[17516473ms] [ERROR] error loading authz policy data, displayed UI may not reflect actual policies @ https://dash.cloudflare.com/cf-24b56b9ee1ac5b84.js:2
[17516474ms] [ERROR] error loading authz policy data, displayed UI may not reflect actual policies @ https://dash.cloudflare.com/cf-24b56b9ee1ac5b84.js:2
[17516474ms] [ERROR] error loading authz policy data, displayed UI may not reflect actual policies @ https://dash.cloudflare.com/cf-24b56b9ee1ac5b84.js:2
[17516475ms] [ERROR] error loading authz policy data, displayed UI may not reflect actual policies @ https://dash.cloudflare.com/cf-24b56b9ee1ac5b84.js:2
[17516476ms] [ERROR] error loading authz policy data, displayed UI may not reflect actual policies @ https://dash.cloudflare.com/cf-24b56b9ee1ac5b84.js:2
[17516476ms] [ERROR] error loading authz policy data, displayed UI may not reflect actual policies @ https://dash.cloudflare.com/cf-24b56b9ee1ac5b84.js:2
[17516476ms] [ERROR] error loading authz policy data, displayed UI may not reflect actual policies @ https://dash.cloudflare.com/cf-24b56b9ee1ac5b84.js:2
[17516476ms] [ERROR] error loading authz policy data, displayed UI may not reflect actual policies @ https://dash.cloudflare.com/cf-24b56b9ee1ac5b84.js:2
[17516487ms] [ERROR] error loading authz policy data, displayed UI may not reflect actual policies @ https://dash.cloudflare.com/cf-24b56b9ee1ac5b84.js:2
[17516521ms] [ERROR] Failed to load resource: net::ERR_ADDRESS_INVALID @ https://sparrow.cloudflare.com/api/v1/event:0
[17516574ms] [LOG] TypeError: Failed to fetch
    at https://dash.cloudflare.com/cf-3438bf2cf2a312a3.js:3:105119
    at async e (https://dash.cloudflare.com/cf-8010c997d058d69b.js:3:597511) @ https://dash.cloudflare.com/cf-24b56b9ee1ac5b84.js:2
[17516630ms] [ERROR] Failed to load resource: net::ERR_ADDRESS_INVALID @ https://static.cloudflareinsights.com/beacon.min.js:0
[17516632ms] [ERROR] Failed to load resource: net::ERR_ADDRESS_INVALID @ https://geolocation.onetrust.com/cookieconsentpub/v1/geo/location:0
[17516779ms] [LOG] [ Federation Runtime ] Version 18.2.0 from dashboard of shared singleton module react does not satisfy the requirement of dashboard which needs catalog:react18) @ https://dash.cloudflare.com/runtime.47e2bb97ff22e001.js:3
[17516780ms] [LOG] [ Federation Runtime ] Version 11.7.0 from dashboard of shared singleton module react-fela does not satisfy the requirement of dashboard which needs 11.6.1) @ https://dash.cloudflare.com/runtime.47e2bb97ff22e001.js:3
[17516781ms] [LOG] [ Federation Runtime ] Version 18.2.0 from dashboard of shared singleton module react-dom does not satisfy the requirement of dashboard which needs catalog:react18) @ https://dash.cloudflare.com/runtime.47e2bb97ff22e001.js:3
[17516781ms] [LOG] [ Federation Runtime ] Version 1.12.9 from dashboard of shared singleton module @cloudflare/intl-react does not satisfy the requirement of dashboard which needs workspace:^) @ https://dash.cloudflare.com/runtime.47e2bb97ff22e001.js:3
[17516781ms] [LOG] [ Federation Runtime ] Version 1.12.9 from dashboard of shared singleton module @cloudflare/intl-react does not satisfy the requirement of dashboard which needs workspace:^) @ https://dash.cloudflare.com/runtime.47e2bb97ff22e001.js:3
[17516781ms] [LOG] [ Federation Runtime ] Version 1.12.9 from dashboard of shared singleton module @cloudflare/intl-react does not satisfy the requirement of dashboard which needs workspace:^) @ https://dash.cloudflare.com/runtime.47e2bb97ff22e001.js:3
[17516781ms] [LOG] [ Federation Runtime ] Version 1.12.9 from dashboard of shared singleton module @cloudflare/intl-react does not satisfy the requirement of dashboard which needs workspace:^) @ https://dash.cloudflare.com/runtime.47e2bb97ff22e001.js:3
[17516782ms] [LOG] [ Federation Runtime ] Version 1.12.9 from dashboard of shared singleton module @cloudflare/intl-react does not satisfy the requirement of dashboard which needs workspace:^) @ https://dash.cloudflare.com/runtime.47e2bb97ff22e001.js:3
[17516786ms] [LOG] [ Federation Runtime ] Version 18.2.0 from dashboard of shared singleton module react does not satisfy the requirement of dashboard which needs catalog:react18) @ https://dash.cloudflare.com/runtime.47e2bb97ff22e001.js:3
[17516786ms] [LOG] [ Federation Runtime ] Version 18.2.0 from dashboard of shared singleton module react-dom does not satisfy the requirement of dashboard which needs catalog:react18) @ https://dash.cloudflare.com/runtime.47e2bb97ff22e001.js:3
[17516812ms] [LOG] [ Federation Runtime ] Version 11.7.0 from dashboard of shared singleton module react-fela does not satisfy the requirement of dashboard which needs 11.6.1) @ https://dash.cloudflare.com/runtime.47e2bb97ff22e001.js:3
[17516813ms] [LOG] [ Federation Runtime ] Version 1.12.9 from dashboard of shared singleton module @cloudflare/intl-react does not satisfy the requirement of dashboard which needs workspace:^) @ https://dash.cloudflare.com/runtime.47e2bb97ff22e001.js:3
[17517111ms] [ERROR] Failed to load resource: net::ERR_ADDRESS_INVALID @ https://sparrow.cloudflare.com/api/v1/identify:0
[17517130ms] [LOG] [ Federation Runtime ] Version 1.12.9 from dashboard of shared singleton module @cloudflare/intl-react does not satisfy the requirement of dashboard which needs workspace:^) @ https://dash.cloudflare.com/cf-24b56b9ee1ac5b84.js:2
[17517130ms] [LOG] [ Federation Runtime ] Version 1.12.9 from dashboard of shared singleton module @cloudflare/intl-react does not satisfy the requirement of dashboard which needs workspace:^) @ https://dash.cloudflare.com/cf-24b56b9ee1ac5b84.js:2
[17517131ms] [LOG] [ Federation Runtime ] Version 1.12.9 from dashboard of shared singleton module @cloudflare/intl-react does not satisfy the requirement of dashboard which needs workspace:^) @ https://dash.cloudflare.com/cf-24b56b9ee1ac5b84.js:2
[17517131ms] [LOG] [ Federation Runtime ] Version 1.12.9 from dashboard of shared singleton module @cloudflare/intl-react does not satisfy the requirement of dashboard which needs workspace:^) @ https://dash.cloudflare.com/cf-24b56b9ee1ac5b84.js:2
[17517131ms] [LOG] [ Federation Runtime ] Version 1.12.9 from dashboard of shared singleton module @cloudflare/intl-react does not satisfy the requirement of dashboard which needs workspace:^) @ https://dash.cloudflare.com/cf-24b56b9ee1ac5b84.js:2
[17517131ms] [LOG] [ Federation Runtime ] Version 1.12.9 from dashboard of shared singleton module @cloudflare/intl-react does not satisfy the requirement of dashboard which needs workspace:^) @ https://dash.cloudflare.com/cf-24b56b9ee1ac5b84.js:2
[17517131ms] [LOG] [ Federation Runtime ] Version 1.12.9 from dashboard of shared singleton module @cloudflare/intl-react does not satisfy the requirement of dashboard which needs workspace:^) @ https://dash.cloudflare.com/cf-24b56b9ee1ac5b84.js:2
[17517131ms] [LOG] [ Federation Runtime ] Version 1.12.9 from dashboard of shared singleton module @cloudflare/intl-react does not satisfy the requirement of dashboard which needs workspace:^) @ https://dash.cloudflare.com/cf-24b56b9ee1ac5b84.js:2
[17517131ms] [LOG] [ Federation Runtime ] Version 1.12.9 from dashboard of shared singleton module @cloudflare/intl-react does not satisfy the requirement of dashboard which needs workspace:^) @ https://dash.cloudflare.com/cf-24b56b9ee1ac5b84.js:2
[17517131ms] [LOG] [ Federation Runtime ] Version 1.12.9 from dashboard of shared singleton module @cloudflare/intl-react does not satisfy the requirement of dashboard which needs workspace:^) @ https://dash.cloudflare.com/cf-24b56b9ee1ac5b84.js:2
[17517131ms] [LOG] [ Federation Runtime ] Version 1.12.9 from dashboard of shared singleton module @cloudflare/intl-react does not satisfy the requirement of dashboard which needs workspace:^) @ https://dash.cloudflare.com/cf-24b56b9ee1ac5b84.js:2
[17517131ms] [LOG] [ Federation Runtime ] Version 1.12.9 from dashboard of shared singleton module @cloudflare/intl-react does not satisfy the requirement of dashboard which needs workspace:^) @ https://dash.cloudflare.com/cf-24b56b9ee1ac5b84.js:2
[17517131ms] [LOG] [ Federation Runtime ] Version 1.12.9 from dashboard of shared singleton module @cloudflare/intl-react does not satisfy the requirement of dashboard which needs workspace:^) @ https://dash.cloudflare.com/cf-24b56b9ee1ac5b84.js:2
[17517131ms] [LOG] [ Federation Runtime ] Version 1.12.9 from dashboard of shared singleton module @cloudflare/intl-react does not satisfy the requirement of dashboard which needs workspace:^) @ https://dash.cloudflare.com/cf-24b56b9ee1ac5b84.js:2
[17517131ms] [LOG] [ Federation Runtime ] Version 1.12.9 from dashboard of shared singleton module @cloudflare/intl-react does not satisfy the requirement of dashboard which needs workspace:^) @ https://dash.cloudflare.com/cf-24b56b9ee1ac5b84.js:2
[17517131ms] [LOG] [ Federation Runtime ] Version 1.12.9 from dashboard of shared singleton module @cloudflare/intl-react does not satisfy the requirement of dashboard which needs workspace:^) @ https://dash.cloudflare.com/cf-24b56b9ee1ac5b84.js:2
[17517131ms] [LOG] [ Federation Runtime ] Version 1.12.9 from dashboard of shared singleton module @cloudflare/intl-react does not satisfy the requirement of dashboard which needs workspace:^) @ https://dash.cloudflare.com/cf-24b56b9ee1ac5b84.js:2
[17517269ms] [ERROR] Failed to load resource: the server responded with a status of 403 () @ https://dash.cloudflare.com/api/v4/organizations?per_page=100:0
[17517424ms] [ERROR] Failed to load resource: net::ERR_ADDRESS_INVALID @ https://sparrow.cloudflare.com/api/v1/event:0
[17518195ms] [ERROR] Failed to load resource: net::ERR_ADDRESS_INVALID @ https://sparrow.cloudflare.com/api/v1/event:0
[17518387ms] [ERROR] Failed to load resource: the server responded with a status of 403 () @ https://dash.cloudflare.com/api/v4/organizations?per_page=100:0
[17518499ms] [ERROR] Failed to load resource: net::ERR_ADDRESS_INVALID @ https://stats.g.doubleclick.net/g/collect?t=dc&aip=1&_r=3&v=1&_v=j86&tid=G-SQCRB0TXZW&cid=27490676-ebd2-4309-a9d8-c27af22ea766&_u=KGDAAEADQAAAAC%7E&z=1705482004:0
[17519057ms] [LOG] /.*.*=.*/ @ https://challenges.cloudflare.com/cdn-cgi/challenge-platform/h/b/turnstile/f/ov2/av0/rch/jn85q/0x4AAAAAAAJel0iaAR3mgkjp/light/fbE/new/flexible?lang=auto:0
[17519057ms] [LOG] /.*.*=.*/ @ https://challenges.cloudflare.com/cdn-cgi/challenge-platform/h/b/turnstile/f/ov2/av0/rch/jn85q/0x4AAAAAAAJel0iaAR3mgkjp/light/fbE/new/flexible?lang=auto:0
[17519057ms] [LOG] function () { [native code] } @ https://challenges.cloudflare.com/cdn-cgi/challenge-platform/h/b/turnstile/f/ov2/av0/rch/jn85q/0x4AAAAAAAJel0iaAR3mgkjp/light/fbE/new/flexible?lang=auto:0
[17519057ms] [LOG] function () { [native code] } @ https://challenges.cloudflare.com/cdn-cgi/challenge-platform/h/b/turnstile/f/ov2/av0/rch/jn85q/0x4AAAAAAAJel0iaAR3mgkjp/light/fbE/new/flexible?lang=auto:0
[17519057ms] [LOG] JSHandle@node @ https://challenges.cloudflare.com/cdn-cgi/challenge-platform/h/b/turnstile/f/ov2/av0/rch/jn85q/0x4AAAAAAAJel0iaAR3mgkjp/light/fbE/new/flexible?lang=auto:0
[17519057ms] [LOG] JSHandle@node @ https://challenges.cloudflare.com/cdn-cgi/challenge-platform/h/b/turnstile/f/ov2/av0/rch/jn85q/0x4AAAAAAAJel0iaAR3mgkjp/light/fbE/new/flexible?lang=auto:0
[17519057ms] [COUNT]  : 1 @ https://challenges.cloudflare.com/cdn-cgi/challenge-platform/h/b/turnstile/f/ov2/av0/rch/jn85q/0x4AAAAAAAJel0iaAR3mgkjp/light/fbE/new/flexible?lang=auto:0
[17519057ms] [COUNT]  : 1 @ https://challenges.cloudflare.com/cdn-cgi/challenge-platform/h/b/turnstile/f/ov2/av0/rch/jn85q/0x4AAAAAAAJel0iaAR3mgkjp/light/fbE/new/flexible?lang=auto:0
[17519058ms] [DIR]  Error @ https://challenges.cloudflare.com/cdn-cgi/challenge-platform/h/b/turnstile/f/ov2/av0/rch/jn85q/0x4AAAAAAAJel0iaAR3mgkjp/light/fbE/new/flexible?lang=auto:0
[17519058ms] [DIR]  Error @ https://challenges.cloudflare.com/cdn-cgi/challenge-platform/h/b/turnstile/f/ov2/av0/rch/jn85q/0x4AAAAAAAJel0iaAR3mgkjp/light/fbE/new/flexible?lang=auto:0
[17519058ms] [DIRXML] %c%d font-size:0;color:transparent Error @ https://challenges.cloudflare.com/cdn-cgi/challenge-platform/h/b/turnstile/f/ov2/av0/rch/jn85q/0x4AAAAAAAJel0iaAR3mgkjp/light/fbE/new/flexible?lang=auto:0
[17519058ms] [DIRXML] %c%d font-size:0;color:transparent Error @ https://challenges.cloudflare.com/cdn-cgi/challenge-platform/h/b/turnstile/f/ov2/av0/rch/jn85q/0x4AAAAAAAJel0iaAR3mgkjp/light/fbE/new/flexible?lang=auto:0
[17519058ms] [ERROR] %c%d font-size:0;color:transparent NaN @ https://challenges.cloudflare.com/cdn-cgi/challenge-platform/h/b/turnstile/f/ov2/av0/rch/jn85q/0x4AAAAAAAJel0iaAR3mgkjp/light/fbE/new/flexible?lang=auto:0
[17519058ms] [ERROR] %c%d font-size:0;color:transparent NaN @ https://challenges.cloudflare.com/cdn-cgi/challenge-platform/h/b/turnstile/f/ov2/av0/rch/jn85q/0x4AAAAAAAJel0iaAR3mgkjp/light/fbE/new/flexible?lang=auto:0
[17519058ms] [INFO] %c%d font-size:0;color:transparent NaN @ https://challenges.cloudflare.com/cdn-cgi/challenge-platform/h/b/turnstile/f/ov2/av0/rch/jn85q/0x4AAAAAAAJel0iaAR3mgkjp/light/fbE/new/flexible?lang=auto:0
[17519058ms] [INFO] %c%d font-size:0;color:transparent NaN @ https://challenges.cloudflare.com/cdn-cgi/challenge-platform/h/b/turnstile/f/ov2/av0/rch/jn85q/0x4AAAAAAAJel0iaAR3mgkjp/light/fbE/new/flexible?lang=auto:0
[17519058ms] [LOG] %c%d font-size:0;color:transparent NaN @ https://challenges.cloudflare.com/cdn-cgi/challenge-platform/h/b/turnstile/f/ov2/av0/rch/jn85q/0x4AAAAAAAJel0iaAR3mgkjp/light/fbE/new/flexible?lang=auto:0
[17519058ms] [LOG] %c%d font-size:0;color:transparent NaN @ https://challenges.cloudflare.com/cdn-cgi/challenge-platform/h/b/turnstile/f/ov2/av0/rch/jn85q/0x4AAAAAAAJel0iaAR3mgkjp/light/fbE/new/flexible?lang=auto:0
[17519059ms] [TABLE] %c%d font-size:0;color:transparent Error @ https://challenges.cloudflare.com/cdn-cgi/challenge-platform/h/b/turnstile/f/ov2/av0/rch/jn85q/0x4AAAAAAAJel0iaAR3mgkjp/light/fbE/new/flexible?lang=auto:0
[17519059ms] [TABLE] %c%d font-size:0;color:transparent Error @ https://challenges.cloudflare.com/cdn-cgi/challenge-platform/h/b/turnstile/f/ov2/av0/rch/jn85q/0x4AAAAAAAJel0iaAR3mgkjp/light/fbE/new/flexible?lang=auto:0
[17519059ms] [WARNING] %c%d font-size:0;color:transparent NaN @ https://challenges.cloudflare.com/cdn-cgi/challenge-platform/h/b/turnstile/f/ov2/av0/rch/jn85q/0x4AAAAAAAJel0iaAR3mgkjp/light/fbE/new/flexible?lang=auto:0
[17519059ms] [WARNING] %c%d font-size:0;color:transparent NaN @ https://challenges.cloudflare.com/cdn-cgi/challenge-platform/h/b/turnstile/f/ov2/av0/rch/jn85q/0x4AAAAAAAJel0iaAR3mgkjp/light/fbE/new/flexible?lang=auto:0
[17519531ms] [LOG] The next request for the Private Access Token challenge may return a 401 and show a warning in console. @ https://challenges.cloudflare.com/cdn-cgi/challenge-platform/h/b/turnstile/f/ov2/av0/rch/jn85q/0x4AAAAAAAJel0iaAR3mgkjp/light/fbE/new/flexible?lang=auto:0
[17519549ms] [ERROR] Failed to load resource: the server responded with a status of 401 () @ https://challenges.cloudflare.com/cdn-cgi/challenge-platform/h/b/pat/9ff6c94caa6f66cb/1779400117430/500c962faa381bedef5b0994a297f042b19ca4fccd53c4d19ab6949569c9cf4e/QNoNtipV2Z791lh:0
[17520506ms] [ERROR] Failed to load resource: the server responded with a status of 403 () @ https://dash.cloudflare.com/api/v4/organizations?per_page=100:0
[17522539ms] [ERROR] Failed to load resource: net::ERR_ADDRESS_INVALID @ https://sparrow.cloudflare.com/api/v1/event:0
[17522539ms] [ERROR] Failed to load resource: net::ERR_ADDRESS_INVALID @ https://sparrow.cloudflare.com/api/v1/event:0
[17522664ms] [WARNING] The resource https://challenges.cloudflare.com/cdn-cgi/challenge-platform/h/b/cmg/1 was preloaded using link preload but not used within a few seconds from the window's load event. Please make sure it has an appropriate `as` value and it is preloaded intentionally. @ https://challenges.cloudflare.com/cdn-cgi/challenge-platform/h/b/turnstile/f/ov2/av0/rch/jn85q/0x4AAAAAAAJel0iaAR3mgkjp/light/fbE/new/flexible?lang=auto:0
[17523297ms] [ERROR] Failed to load resource: net::ERR_ADDRESS_INVALID @ https://collector.github.com/github/collect:0
[17523297ms] [ERROR] Failed to load resource: net::ERR_ADDRESS_INVALID @ https://collector.github.com/github/collect:0
[17527128ms] [ERROR] Failed to load resource: net::ERR_ADDRESS_INVALID @ https://collector.github.com/github/collect:0
[17528367ms] [ERROR] Failed to load resource: net::ERR_ADDRESS_INVALID @ https://collector.github.com/github/collect:0
[17533587ms] [ERROR] Failed to load resource: net::ERR_ADDRESS_INVALID @ https://static.cloudflareinsights.com/beacon.min.js:0
[17533589ms] [ERROR] Failed to load resource: net::ERR_ADDRESS_INVALID @ https://geolocation.onetrust.com/cookieconsentpub/v1/geo/location:0
[17533611ms] [LOG] [ Federation Runtime ] Version 18.2.0 from dashboard of shared singleton module react does not satisfy the requirement of dashboard which needs catalog:react18) @ https://dash.cloudflare.com/runtime.47e2bb97ff22e001.js:3
[17533612ms] [LOG] [ Federation Runtime ] Version 11.7.0 from dashboard of shared singleton module react-fela does not satisfy the requirement of dashboard which needs 11.6.1) @ https://dash.cloudflare.com/runtime.47e2bb97ff22e001.js:3
[17533612ms] [LOG] [ Federation Runtime ] Version 18.2.0 from dashboard of shared singleton module react-dom does not satisfy the requirement of dashboard which needs catalog:react18) @ https://dash.cloudflare.com/runtime.47e2bb97ff22e001.js:3
[17533612ms] [LOG] [ Federation Runtime ] Version 1.12.9 from dashboard of shared singleton module @cloudflare/intl-react does not satisfy the requirement of dashboard which needs workspace:^) @ https://dash.cloudflare.com/runtime.47e2bb97ff22e001.js:3
[17533613ms] [LOG] [ Federation Runtime ] Version 1.12.9 from dashboard of shared singleton module @cloudflare/intl-react does not satisfy the requirement of dashboard which needs workspace:^) @ https://dash.cloudflare.com/runtime.47e2bb97ff22e001.js:3
[17533613ms] [LOG] [ Federation Runtime ] Version 1.12.9 from dashboard of shared singleton module @cloudflare/intl-react does not satisfy the requirement of dashboard which needs workspace:^) @ https://dash.cloudflare.com/runtime.47e2bb97ff22e001.js:3
[17533613ms] [LOG] [ Federation Runtime ] Version 1.12.9 from dashboard of shared singleton module @cloudflare/intl-react does not satisfy the requirement of dashboard which needs workspace:^) @ https://dash.cloudflare.com/runtime.47e2bb97ff22e001.js:3
[17533613ms] [LOG] [ Federation Runtime ] Version 1.12.9 from dashboard of shared singleton module @cloudflare/intl-react does not satisfy the requirement of dashboard which needs workspace:^) @ https://dash.cloudflare.com/runtime.47e2bb97ff22e001.js:3
[17533621ms] [LOG] [ Federation Runtime ] Version 18.2.0 from dashboard of shared singleton module react does not satisfy the requirement of dashboard which needs catalog:react18) @ https://dash.cloudflare.com/runtime.47e2bb97ff22e001.js:3
[17533621ms] [LOG] [ Federation Runtime ] Version 18.2.0 from dashboard of shared singleton module react-dom does not satisfy the requirement of dashboard which needs catalog:react18) @ https://dash.cloudflare.com/runtime.47e2bb97ff22e001.js:3
[17533625ms] [LOG] [ Federation Runtime ] Version 11.7.0 from dashboard of shared singleton module react-fela does not satisfy the requirement of dashboard which needs 11.6.1) @ https://dash.cloudflare.com/runtime.47e2bb97ff22e001.js:3
[17533626ms] [LOG] [ Federation Runtime ] Version 1.12.9 from dashboard of shared singleton module @cloudflare/intl-react does not satisfy the requirement of dashboard which needs workspace:^) @ https://dash.cloudflare.com/runtime.47e2bb97ff22e001.js:3
[17533971ms] [ERROR] Failed to load resource: net::ERR_ADDRESS_INVALID @ https://sparrow.cloudflare.com/api/v1/identify:0
[17533989ms] [LOG] [ Federation Runtime ] Version 1.12.9 from dashboard of shared singleton module @cloudflare/intl-react does not satisfy the requirement of dashboard which needs workspace:^) @ https://dash.cloudflare.com/cf-24b56b9ee1ac5b84.js:2
[17533991ms] [LOG] [ Federation Runtime ] Version 1.12.9 from dashboard of shared singleton module @cloudflare/intl-react does not satisfy the requirement of dashboard which needs workspace:^) @ https://dash.cloudflare.com/cf-24b56b9ee1ac5b84.js:2
[17533991ms] [LOG] [ Federation Runtime ] Version 1.12.9 from dashboard of shared singleton module @cloudflare/intl-react does not satisfy the requirement of dashboard which needs workspace:^) @ https://dash.cloudflare.com/cf-24b56b9ee1ac5b84.js:2
[17533991ms] [LOG] [ Federation Runtime ] Version 1.12.9 from dashboard of shared singleton module @cloudflare/intl-react does not satisfy the requirement of dashboard which needs workspace:^) @ https://dash.cloudflare.com/cf-24b56b9ee1ac5b84.js:2
[17533991ms] [LOG] [ Federation Runtime ] Version 1.12.9 from dashboard of shared singleton module @cloudflare/intl-react does not satisfy the requirement of dashboard which needs workspace:^) @ https://dash.cloudflare.com/cf-24b56b9ee1ac5b84.js:2
[17533991ms] [LOG] [ Federation Runtime ] Version 1.12.9 from dashboard of shared singleton module @cloudflare/intl-react does not satisfy the requirement of dashboard which needs workspace:^) @ https://dash.cloudflare.com/cf-24b56b9ee1ac5b84.js:2
[17533991ms] [LOG] [ Federation Runtime ] Version 1.12.9 from dashboard of shared singleton module @cloudflare/intl-react does not satisfy the requirement of dashboard which needs workspace:^) @ https://dash.cloudflare.com/cf-24b56b9ee1ac5b84.js:2
[17533991ms] [LOG] [ Federation Runtime ] Version 1.12.9 from dashboard of shared singleton module @cloudflare/intl-react does not satisfy the requirement of dashboard which needs workspace:^) @ https://dash.cloudflare.com/cf-24b56b9ee1ac5b84.js:2
[17533991ms] [LOG] [ Federation Runtime ] Version 1.12.9 from dashboard of shared singleton module @cloudflare/intl-react does not satisfy the requirement of dashboard which needs workspace:^) @ https://dash.cloudflare.com/cf-24b56b9ee1ac5b84.js:2
[17533991ms] [LOG] [ Federation Runtime ] Version 1.12.9 from dashboard of shared singleton module @cloudflare/intl-react does not satisfy the requirement of dashboard which needs workspace:^) @ https://dash.cloudflare.com/cf-24b56b9ee1ac5b84.js:2
[17533991ms] [LOG] [ Federation Runtime ] Version 1.12.9 from dashboard of shared singleton module @cloudflare/intl-react does not satisfy the requirement of dashboard which needs workspace:^) @ https://dash.cloudflare.com/cf-24b56b9ee1ac5b84.js:2
[17533991ms] [LOG] [ Federation Runtime ] Version 1.12.9 from dashboard of shared singleton module @cloudflare/intl-react does not satisfy the requirement of dashboard which needs workspace:^) @ https://dash.cloudflare.com/cf-24b56b9ee1ac5b84.js:2
[17533991ms] [LOG] [ Federation Runtime ] Version 1.12.9 from dashboard of shared singleton module @cloudflare/intl-react does not satisfy the requirement of dashboard which needs workspace:^) @ https://dash.cloudflare.com/cf-24b56b9ee1ac5b84.js:2
[17533991ms] [LOG] [ Federation Runtime ] Version 1.12.9 from dashboard of shared singleton module @cloudflare/intl-react does not satisfy the requirement of dashboard which needs workspace:^) @ https://dash.cloudflare.com/cf-24b56b9ee1ac5b84.js:2
[17533991ms] [LOG] [ Federation Runtime ] Version 1.12.9 from dashboard of shared singleton module @cloudflare/intl-react does not satisfy the requirement of dashboard which needs workspace:^) @ https://dash.cloudflare.com/cf-24b56b9ee1ac5b84.js:2
[17533991ms] [LOG] [ Federation Runtime ] Version 1.12.9 from dashboard of shared singleton module @cloudflare/intl-react does not satisfy the requirement of dashboard which needs workspace:^) @ https://dash.cloudflare.com/cf-24b56b9ee1ac5b84.js:2
[17533991ms] [LOG] [ Federation Runtime ] Version 1.12.9 from dashboard of shared singleton module @cloudflare/intl-react does not satisfy the requirement of dashboard which needs workspace:^) @ https://dash.cloudflare.com/cf-24b56b9ee1ac5b84.js:2
[17533991ms] [LOG] [ Federation Runtime ] Version 1.12.9 from dashboard of shared singleton module @cloudflare/intl-react does not satisfy the requirement of dashboard which needs workspace:^) @ https://dash.cloudflare.com/cf-24b56b9ee1ac5b84.js:2
[17533992ms] [LOG] [ Federation Runtime ] Version 1.12.9 from dashboard of shared singleton module @cloudflare/intl-react does not satisfy the requirement of dashboard which needs workspace:^) @ https://dash.cloudflare.com/cf-24b56b9ee1ac5b84.js:2
[17534265ms] [ERROR] Failed to load resource: the server responded with a status of 403 () @ https://dash.cloudflare.com/api/v4/organizations?per_page=100:0
[17534292ms] [ERROR] Failed to load resource: net::ERR_ADDRESS_INVALID @ https://sparrow.cloudflare.com/api/v1/event:0
[17534403ms] [ERROR] Failed to load resource: the server responded with a status of 403 () @ https://dash.cloudflare.com/api/v4/zones?order=name&direction=asc&per_page=1&type=full%2Cpartial%2Csecondary:0
[17535069ms] [ERROR] SparrowEventNotAllowedError: Event not allowed: "sign in with github". The event name likely needs to be added to validateDashSchema.ts
    at https://dash.cloudflare.com/cf-8010c997d058d69b.js:3:916495
    at https://dash.cloudflare.com/cf-8010c997d058d69b.js:3:916544
    at Object.appliedPostData (https://dash.cloudflare.com/cf-8010c997d058d69b.js:3:839963)
    at Module.y (https://dash.cloudflare.com/cf-pkg-cloudflare-utils.b1b459fe71fc97b2.js:3:40218)
    at onLoginSuccess (https://dash.cloudflare.com/cf-43a1a2c720604e53.js:3:316)
    at https://dash.cloudflare.com/cf-c95303f1158adbb8.js:3:11283 @ https://dash.cloudflare.com/cf-24b56b9ee1ac5b84.js:2
[17535081ms] [ERROR] Failed to load resource: net::ERR_ADDRESS_INVALID @ https://sparrow.cloudflare.com/api/v1/event:0
[17535215ms] [LOG] TypeError: Failed to fetch
    at https://dash.cloudflare.com/cf-3438bf2cf2a312a3.js:3:105119
    at async e (https://dash.cloudflare.com/cf-8010c997d058d69b.js:3:597511) @ https://dash.cloudflare.com/cf-24b56b9ee1ac5b84.js:2
[17535270ms] [ERROR] Failed to load resource: net::ERR_ADDRESS_INVALID @ https://static.cloudflareinsights.com/beacon.min.js:0
[17535289ms] [LOG] [ Federation Runtime ] Version 18.2.0 from dashboard of shared singleton module react does not satisfy the requirement of dashboard which needs catalog:react18) @ https://dash.cloudflare.com/runtime.47e2bb97ff22e001.js:3
[17535290ms] [LOG] [ Federation Runtime ] Version 11.7.0 from dashboard of shared singleton module react-fela does not satisfy the requirement of dashboard which needs 11.6.1) @ https://dash.cloudflare.com/runtime.47e2bb97ff22e001.js:3
[17535290ms] [LOG] [ Federation Runtime ] Version 18.2.0 from dashboard of shared singleton module react-dom does not satisfy the requirement of dashboard which needs catalog:react18) @ https://dash.cloudflare.com/runtime.47e2bb97ff22e001.js:3
[17535290ms] [LOG] [ Federation Runtime ] Version 1.12.9 from dashboard of shared singleton module @cloudflare/intl-react does not satisfy the requirement of dashboard which needs workspace:^) @ https://dash.cloudflare.com/runtime.47e2bb97ff22e001.js:3
[17535290ms] [LOG] [ Federation Runtime ] Version 1.12.9 from dashboard of shared singleton module @cloudflare/intl-react does not satisfy the requirement of dashboard which needs workspace:^) @ https://dash.cloudflare.com/runtime.47e2bb97ff22e001.js:3
[17535290ms] [LOG] [ Federation Runtime ] Version 1.12.9 from dashboard of shared singleton module @cloudflare/intl-react does not satisfy the requirement of dashboard which needs workspace:^) @ https://dash.cloudflare.com/runtime.47e2bb97ff22e001.js:3
[17535290ms] [LOG] [ Federation Runtime ] Version 1.12.9 from dashboard of shared singleton module @cloudflare/intl-react does not satisfy the requirement of dashboard which needs workspace:^) @ https://dash.cloudflare.com/runtime.47e2bb97ff22e001.js:3
[17535291ms] [LOG] [ Federation Runtime ] Version 1.12.9 from dashboard of shared singleton module @cloudflare/intl-react does not satisfy the requirement of dashboard which needs workspace:^) @ https://dash.cloudflare.com/runtime.47e2bb97ff22e001.js:3
[17535293ms] [LOG] [ Federation Runtime ] Version 18.2.0 from dashboard of shared singleton module react does not satisfy the requirement of dashboard which needs catalog:react18) @ https://dash.cloudflare.com/runtime.47e2bb97ff22e001.js:3
[17535293ms] [LOG] [ Federation Runtime ] Version 18.2.0 from dashboard of shared singleton module react-dom does not satisfy the requirement of dashboard which needs catalog:react18) @ https://dash.cloudflare.com/runtime.47e2bb97ff22e001.js:3
[17535295ms] [LOG] [ Federation Runtime ] Version 11.7.0 from dashboard of shared singleton module react-fela does not satisfy the requirement of dashboard which needs 11.6.1) @ https://dash.cloudflare.com/runtime.47e2bb97ff22e001.js:3
[17535295ms] [LOG] [ Federation Runtime ] Version 1.12.9 from dashboard of shared singleton module @cloudflare/intl-react does not satisfy the requirement of dashboard which needs workspace:^) @ https://dash.cloudflare.com/runtime.47e2bb97ff22e001.js:3
[17535336ms] [ERROR] Failed to load resource: net::ERR_ADDRESS_INVALID @ https://geolocation.onetrust.com/cookieconsentpub/v1/geo/location:0
[17535909ms] [ERROR] Failed to load resource: net::ERR_ADDRESS_INVALID @ https://sparrow.cloudflare.com/api/v1/identify:0
[17536062ms] [LOG] [ Federation Runtime ] Version 1.12.9 from dashboard of shared singleton module @cloudflare/intl-react does not satisfy the requirement of dashboard which needs workspace:^) @ https://dash.cloudflare.com/cf-24b56b9ee1ac5b84.js:2
[17536063ms] [LOG] [ Federation Runtime ] Version 1.12.9 from dashboard of shared singleton module @cloudflare/intl-react does not satisfy the requirement of dashboard which needs workspace:^) @ https://dash.cloudflare.com/cf-24b56b9ee1ac5b84.js:2
[17536063ms] [LOG] [ Federation Runtime ] Version 1.12.9 from dashboard of shared singleton module @cloudflare/intl-react does not satisfy the requirement of dashboard which needs workspace:^) @ https://dash.cloudflare.com/cf-24b56b9ee1ac5b84.js:2
[17536063ms] [LOG] [ Federation Runtime ] Version 1.12.9 from dashboard of shared singleton module @cloudflare/intl-react does not satisfy the requirement of dashboard which needs workspace:^) @ https://dash.cloudflare.com/cf-24b56b9ee1ac5b84.js:2
[17536063ms] [LOG] [ Federation Runtime ] Version 1.12.9 from dashboard of shared singleton module @cloudflare/intl-react does not satisfy the requirement of dashboard which needs workspace:^) @ https://dash.cloudflare.com/cf-24b56b9ee1ac5b84.js:2
[17536063ms] [LOG] [ Federation Runtime ] Version 1.12.9 from dashboard of shared singleton module @cloudflare/intl-react does not satisfy the requirement of dashboard which needs workspace:^) @ https://dash.cloudflare.com/cf-24b56b9ee1ac5b84.js:2
[17536063ms] [LOG] [ Federation Runtime ] Version 1.12.9 from dashboard of shared singleton module @cloudflare/intl-react does not satisfy the requirement of dashboard which needs workspace:^) @ https://dash.cloudflare.com/cf-24b56b9ee1ac5b84.js:2
[17536063ms] [LOG] [ Federation Runtime ] Version 1.12.9 from dashboard of shared singleton module @cloudflare/intl-react does not satisfy the requirement of dashboard which needs workspace:^) @ https://dash.cloudflare.com/cf-24b56b9ee1ac5b84.js:2
[17536063ms] [LOG] [ Federation Runtime ] Version 1.12.9 from dashboard of shared singleton module @cloudflare/intl-react does not satisfy the requirement of dashboard which needs workspace:^) @ https://dash.cloudflare.com/cf-24b56b9ee1ac5b84.js:2
[17536063ms] [LOG] [ Federation Runtime ] Version 1.12.9 from dashboard of shared singleton module @cloudflare/intl-react does not satisfy the requirement of dashboard which needs workspace:^) @ https://dash.cloudflare.com/cf-24b56b9ee1ac5b84.js:2
[17536063ms] [LOG] [ Federation Runtime ] Version 1.12.9 from dashboard of shared singleton module @cloudflare/intl-react does not satisfy the requirement of dashboard which needs workspace:^) @ https://dash.cloudflare.com/cf-24b56b9ee1ac5b84.js:2
[17536063ms] [LOG] [ Federation Runtime ] Version 1.12.9 from dashboard of shared singleton module @cloudflare/intl-react does not satisfy the requirement of dashboard which needs workspace:^) @ https://dash.cloudflare.com/cf-24b56b9ee1ac5b84.js:2
[17536063ms] [LOG] [ Federation Runtime ] Version 1.12.9 from dashboard of shared singleton module @cloudflare/intl-react does not satisfy the requirement of dashboard which needs workspace:^) @ https://dash.cloudflare.com/cf-24b56b9ee1ac5b84.js:2
[17536064ms] [LOG] [ Federation Runtime ] Version 1.12.9 from dashboard of shared singleton module @cloudflare/intl-react does not satisfy the requirement of dashboard which needs workspace:^) @ https://dash.cloudflare.com/cf-24b56b9ee1ac5b84.js:2
[17536064ms] [LOG] [ Federation Runtime ] Version 1.12.9 from dashboard of shared singleton module @cloudflare/intl-react does not satisfy the requirement of dashboard which needs workspace:^) @ https://dash.cloudflare.com/cf-24b56b9ee1ac5b84.js:2
[17536064ms] [LOG] [ Federation Runtime ] Version 1.12.9 from dashboard of shared singleton module @cloudflare/intl-react does not satisfy the requirement of dashboard which needs workspace:^) @ https://dash.cloudflare.com/cf-24b56b9ee1ac5b84.js:2
[17536064ms] [LOG] [ Federation Runtime ] Version 1.12.9 from dashboard of shared singleton module @cloudflare/intl-react does not satisfy the requirement of dashboard which needs workspace:^) @ https://dash.cloudflare.com/cf-24b56b9ee1ac5b84.js:2
[17536064ms] [LOG] [ Federation Runtime ] Version 1.12.9 from dashboard of shared singleton module @cloudflare/intl-react does not satisfy the requirement of dashboard which needs workspace:^) @ https://dash.cloudflare.com/cf-24b56b9ee1ac5b84.js:2
[17536064ms] [LOG] [ Federation Runtime ] Version 1.12.9 from dashboard of shared singleton module @cloudflare/intl-react does not satisfy the requirement of dashboard which needs workspace:^) @ https://dash.cloudflare.com/cf-24b56b9ee1ac5b84.js:2
[17536234ms] [ERROR] Failed to load resource: net::ERR_ADDRESS_INVALID @ https://sparrow.cloudflare.com/api/v1/event:0
[17536405ms] [ERROR] Failed to load resource: net::ERR_ADDRESS_INVALID @ https://sparrow.cloudflare.com/api/v1/identify:0
[17536531ms] [ERROR] Failed to load resource: net::ERR_ADDRESS_INVALID @ https://sparrow.cloudflare.com/api/v1/identify:0
[17536562ms] [ERROR] Failed to load resource: net::ERR_ADDRESS_INVALID @ https://sparrow.cloudflare.com/api/v1/event:0
[17536761ms] [ERROR] Failed to load resource: the server responded with a status of 403 () @ https://dash.cloudflare.com/api/v4/accounts/26222712d3392b2288d8a171310de415/access/organizations:0
[17536787ms] [ERROR] Failed to load resource: net::ERR_ADDRESS_INVALID @ https://sparrow.cloudflare.com/api/v1/event:0
[17536947ms] [ERROR] Failed to load resource: the server responded with a status of 403 () @ https://dash.cloudflare.com/api/v4/accounts/26222712d3392b2288d8a171310de415/access/organizations:0
[17537007ms] [ERROR] Failed to load resource: net::ERR_ADDRESS_INVALID @ https://sparrow.cloudflare.com/api/v1/event:0
[17537142ms] [ERROR] Failed to load resource: the server responded with a status of 403 () @ https://dash.cloudflare.com/api/v4/accounts/26222712d3392b2288d8a171310de415/access/organizations:0
[17537184ms] [ERROR] Failed to load resource: net::ERR_ADDRESS_INVALID @ https://sparrow.cloudflare.com/api/v1/event:0
[17537210ms] [ERROR] Failed to load resource: net::ERR_ADDRESS_INVALID @ https://sparrow.cloudflare.com/api/v1/event:0
[17537296ms] [ERROR] Failed to load resource: the server responded with a status of 403 () @ https://dash.cloudflare.com/api/v4/accounts/26222712d3392b2288d8a171310de415/access/organizations:0
[17537350ms] [ERROR] Failed to load resource: net::ERR_ADDRESS_INVALID @ https://sparrow.cloudflare.com/api/v1/event:0
[17537678ms] [ERROR] Failed to load resource: net::ERR_ADDRESS_INVALID @ https://sparrow.cloudflare.com/api/v1/event:0
[17537935ms] [ERROR] Failed to load resource: net::ERR_ADDRESS_INVALID @ https://stats.g.doubleclick.net/g/collect?t=dc&aip=1&_r=3&v=1&_v=j86&tid=G-SQCRB0TXZW&cid=27490676-ebd2-4309-a9d8-c27af22ea766&_u=KGDAAEADQAAAAC%7E&z=307317660:0
[17538899ms] [ERROR] Failed to load resource: net::ERR_ADDRESS_INVALID @ https://sparrow.cloudflare.com/api/v1/event:0
[17538900ms] [ERROR] Failed to load resource: net::ERR_ADDRESS_INVALID @ https://sparrow.cloudflare.com/api/v1/event:0
[17538901ms] [ERROR] Failed to load resource: net::ERR_ADDRESS_INVALID @ https://sparrow.cloudflare.com/api/v1/event:0
[17538902ms] [ERROR] Failed to load resource: net::ERR_ADDRESS_INVALID @ https://sparrow.cloudflare.com/api/v1/event:0
[17539678ms] [LOG] [ Federation Runtime ] Version 1.12.9 from dashboard of shared singleton module @cloudflare/intl-react does not satisfy the requirement of dashboard which needs workspace:^) @ https://dash.cloudflare.com/cf-24b56b9ee1ac5b84.js:2
[17539696ms] [ERROR] Failed to load resource: net::ERR_ADDRESS_INVALID @ https://sparrow.cloudflare.com/api/v1/event:0
[17540480ms] [ERROR] Failed to load resource: net::ERR_ADDRESS_INVALID @ https://sparrow.cloudflare.com/api/v1/event:0
[17540718ms] [ERROR] Failed to load resource: net::ERR_ADDRESS_INVALID @ https://stats.g.doubleclick.net/g/collect?t=dc&aip=1&_r=3&v=1&_v=j86&tid=G-SQCRB0TXZW&cid=27490676-ebd2-4309-a9d8-c27af22ea766&_u=KGDAAEADQAAAAC%7E&z=765925060:0
[17541899ms] [ERROR] Failed to load resource: net::ERR_ADDRESS_INVALID @ https://sparrow.cloudflare.com/api/v1/event:0
[17541899ms] [ERROR] Failed to load resource: net::ERR_ADDRESS_INVALID @ https://sparrow.cloudflare.com/api/v1/event:0
[17542657ms] [ERROR] Failed to load resource: net::ERR_ADDRESS_INVALID @ https://sparrow.cloudflare.com/api/v1/event:0
[17542910ms] [ERROR] Failed to load resource: net::ERR_ADDRESS_INVALID @ https://stats.g.doubleclick.net/g/collect?t=dc&aip=1&_r=3&v=1&_v=j86&tid=G-SQCRB0TXZW&cid=27490676-ebd2-4309-a9d8-c27af22ea766&_u=KGDAAEADQAAAAC%7E&z=1620813969:0
[17543010ms] [ERROR] Failed to load resource: net::ERR_ADDRESS_INVALID @ https://sparrow.cloudflare.com/api/v1/event:0
[17546772ms] [ERROR] Failed to load resource: net::ERR_ADDRESS_INVALID @ https://sparrow.cloudflare.com/api/v1/event:0
[17555255ms] [ERROR] Failed to load resource: net::ERR_ADDRESS_INVALID @ https://sparrow.cloudflare.com/api/v1/event:0
[17555299ms] [ERROR] Failed to load resource: net::ERR_ADDRESS_INVALID @ https://sparrow.cloudflare.com/api/v1/event:0
[17556026ms] [ERROR] Failed to load resource: net::ERR_ADDRESS_INVALID @ https://sparrow.cloudflare.com/api/v1/event:0
[17556356ms] [ERROR] Failed to load resource: net::ERR_ADDRESS_INVALID @ https://stats.g.doubleclick.net/g/collect?t=dc&aip=1&_r=3&v=1&_v=j86&tid=G-SQCRB0TXZW&cid=27490676-ebd2-4309-a9d8-c27af22ea766&_u=KGDAAEADQAAAAC%7E&z=328652898:0
[17561471ms] [ERROR] Failed to load resource: net::ERR_ADDRESS_INVALID @ https://sparrow.cloudflare.com/api/v1/event:0
[17561563ms] [ERROR] Failed to load resource: net::ERR_ADDRESS_INVALID @ https://sparrow.cloudflare.com/api/v1/event:0
[17573053ms] [ERROR] Failed to load resource: net::ERR_ADDRESS_INVALID @ https://sparrow.cloudflare.com/api/v1/event:0
[17573585ms] [ERROR] Failed to load resource: the server responded with a status of 400 () @ https://dash.cloudflare.com/api/v4/accounts/26222712d3392b2288d8a171310de415/registrar/domains/musicbythibaut.com/register:0
[17574355ms] [LOG] /.*.*=.*/ @ https://challenges.cloudflare.com/cdn-cgi/challenge-platform/h/b/turnstile/f/ov2/av0/rch/cg7ce/0x4AAAAAAAIkKY4HiHOeDV-W/light/fbE/new/normal?lang=auto:0
[17574356ms] [LOG] /.*.*=.*/ @ https://challenges.cloudflare.com/cdn-cgi/challenge-platform/h/b/turnstile/f/ov2/av0/rch/cg7ce/0x4AAAAAAAIkKY4HiHOeDV-W/light/fbE/new/normal?lang=auto:0
[17574356ms] [LOG] function () { [native code] } @ https://challenges.cloudflare.com/cdn-cgi/challenge-platform/h/b/turnstile/f/ov2/av0/rch/cg7ce/0x4AAAAAAAIkKY4HiHOeDV-W/light/fbE/new/normal?lang=auto:0
[17574356ms] [LOG] function () { [native code] } @ https://challenges.cloudflare.com/cdn-cgi/challenge-platform/h/b/turnstile/f/ov2/av0/rch/cg7ce/0x4AAAAAAAIkKY4HiHOeDV-W/light/fbE/new/normal?lang=auto:0
[17574356ms] [LOG] JSHandle@node @ https://challenges.cloudflare.com/cdn-cgi/challenge-platform/h/b/turnstile/f/ov2/av0/rch/cg7ce/0x4AAAAAAAIkKY4HiHOeDV-W/light/fbE/new/normal?lang=auto:0
[17574356ms] [LOG] JSHandle@node @ https://challenges.cloudflare.com/cdn-cgi/challenge-platform/h/b/turnstile/f/ov2/av0/rch/cg7ce/0x4AAAAAAAIkKY4HiHOeDV-W/light/fbE/new/normal?lang=auto:0
[17574356ms] [COUNT]  : 1 @ https://challenges.cloudflare.com/cdn-cgi/challenge-platform/h/b/turnstile/f/ov2/av0/rch/cg7ce/0x4AAAAAAAIkKY4HiHOeDV-W/light/fbE/new/normal?lang=auto:0
[17574356ms] [COUNT]  : 1 @ https://challenges.cloudflare.com/cdn-cgi/challenge-platform/h/b/turnstile/f/ov2/av0/rch/cg7ce/0x4AAAAAAAIkKY4HiHOeDV-W/light/fbE/new/normal?lang=auto:0
[17574357ms] [DIR]  Error @ https://challenges.cloudflare.com/cdn-cgi/challenge-platform/h/b/turnstile/f/ov2/av0/rch/cg7ce/0x4AAAAAAAIkKY4HiHOeDV-W/light/fbE/new/normal?lang=auto:0
[17574357ms] [DIR]  Error @ https://challenges.cloudflare.com/cdn-cgi/challenge-platform/h/b/turnstile/f/ov2/av0/rch/cg7ce/0x4AAAAAAAIkKY4HiHOeDV-W/light/fbE/new/normal?lang=auto:0
[17574357ms] [DIRXML] %c%d font-size:0;color:transparent Error @ https://challenges.cloudflare.com/cdn-cgi/challenge-platform/h/b/turnstile/f/ov2/av0/rch/cg7ce/0x4AAAAAAAIkKY4HiHOeDV-W/light/fbE/new/normal?lang=auto:0
[17574357ms] [DIRXML] %c%d font-size:0;color:transparent Error @ https://challenges.cloudflare.com/cdn-cgi/challenge-platform/h/b/turnstile/f/ov2/av0/rch/cg7ce/0x4AAAAAAAIkKY4HiHOeDV-W/light/fbE/new/normal?lang=auto:0
[17574357ms] [ERROR] %c%d font-size:0;color:transparent NaN @ https://challenges.cloudflare.com/cdn-cgi/challenge-platform/h/b/turnstile/f/ov2/av0/rch/cg7ce/0x4AAAAAAAIkKY4HiHOeDV-W/light/fbE/new/normal?lang=auto:0
[17574357ms] [ERROR] %c%d font-size:0;color:transparent NaN @ https://challenges.cloudflare.com/cdn-cgi/challenge-platform/h/b/turnstile/f/ov2/av0/rch/cg7ce/0x4AAAAAAAIkKY4HiHOeDV-W/light/fbE/new/normal?lang=auto:0
[17574358ms] [INFO] %c%d font-size:0;color:transparent NaN @ https://challenges.cloudflare.com/cdn-cgi/challenge-platform/h/b/turnstile/f/ov2/av0/rch/cg7ce/0x4AAAAAAAIkKY4HiHOeDV-W/light/fbE/new/normal?lang=auto:0
[17574358ms] [INFO] %c%d font-size:0;color:transparent NaN @ https://challenges.cloudflare.com/cdn-cgi/challenge-platform/h/b/turnstile/f/ov2/av0/rch/cg7ce/0x4AAAAAAAIkKY4HiHOeDV-W/light/fbE/new/normal?lang=auto:0
[17574358ms] [LOG] %c%d font-size:0;color:transparent NaN @ https://challenges.cloudflare.com/cdn-cgi/challenge-platform/h/b/turnstile/f/ov2/av0/rch/cg7ce/0x4AAAAAAAIkKY4HiHOeDV-W/light/fbE/new/normal?lang=auto:0
[17574358ms] [LOG] %c%d font-size:0;color:transparent NaN @ https://challenges.cloudflare.com/cdn-cgi/challenge-platform/h/b/turnstile/f/ov2/av0/rch/cg7ce/0x4AAAAAAAIkKY4HiHOeDV-W/light/fbE/new/normal?lang=auto:0
[17574358ms] [TABLE] %c%d font-size:0;color:transparent Error @ https://challenges.cloudflare.com/cdn-cgi/challenge-platform/h/b/turnstile/f/ov2/av0/rch/cg7ce/0x4AAAAAAAIkKY4HiHOeDV-W/light/fbE/new/normal?lang=auto:0
[17574358ms] [TABLE] %c%d font-size:0;color:transparent Error @ https://challenges.cloudflare.com/cdn-cgi/challenge-platform/h/b/turnstile/f/ov2/av0/rch/cg7ce/0x4AAAAAAAIkKY4HiHOeDV-W/light/fbE/new/normal?lang=auto:0
[17574359ms] [WARNING] %c%d font-size:0;color:transparent NaN @ https://challenges.cloudflare.com/cdn-cgi/challenge-platform/h/b/turnstile/f/ov2/av0/rch/cg7ce/0x4AAAAAAAIkKY4HiHOeDV-W/light/fbE/new/normal?lang=auto:0
[17574359ms] [WARNING] %c%d font-size:0;color:transparent NaN @ https://challenges.cloudflare.com/cdn-cgi/challenge-platform/h/b/turnstile/f/ov2/av0/rch/cg7ce/0x4AAAAAAAIkKY4HiHOeDV-W/light/fbE/new/normal?lang=auto:0
[17574428ms] [LOG] The next request for the Private Access Token challenge may return a 401 and show a warning in console. @ https://challenges.cloudflare.com/cdn-cgi/challenge-platform/h/b/turnstile/f/ov2/av0/rch/cg7ce/0x4AAAAAAAIkKY4HiHOeDV-W/light/fbE/new/normal?lang=auto:0
[17574441ms] [ERROR] Failed to load resource: the server responded with a status of 401 () @ https://challenges.cloudflare.com/cdn-cgi/challenge-platform/h/b/pat/9ff6caa8df7df06a/1779400173137/bf772ae0cf62022e4ef68a663e17a424c3e732535c01f2882e3bfd5e55ba40fb/V9iY9DrxLLKIxcA:0
[17578220ms] [WARNING] The resource https://challenges.cloudflare.com/cdn-cgi/challenge-platform/h/b/cmg/1 was preloaded using link preload but not used within a few seconds from the window's load event. Please make sure it has an appropriate `as` value and it is preloaded intentionally. @ https://challenges.cloudflare.com/cdn-cgi/challenge-platform/h/b/turnstile/f/ov2/av0/rch/cg7ce/0x4AAAAAAAIkKY4HiHOeDV-W/light/fbE/new/normal?lang=auto:0
[17578735ms] [ERROR] Failed to load resource: net::ERR_ADDRESS_INVALID @ https://sparrow.cloudflare.com/api/v1/event:0
[17579321ms] [ERROR] Failed to load resource: the server responded with a status of 400 () @ https://dash.cloudflare.com/api/v4/accounts/26222712d3392b2288d8a171310de415/registrar/domains/musicbythibaut.com/register:0
[17580349ms] [LOG] The next request for the Private Access Token challenge may return a 401 and show a warning in console. @ https://challenges.cloudflare.com/cdn-cgi/challenge-platform/h/b/turnstile/f/ov2/av0/rch/cg7ce/0x4AAAAAAAIkKY4HiHOeDV-W/light/fbE/api/normal?lang=auto:0
[17580362ms] [ERROR] Failed to load resource: the server responded with a status of 401 () @ https://challenges.cloudflare.com/cdn-cgi/challenge-platform/h/b/pat/9ff6cacb7937f06a/1779400178660/51b442e0cf7a48e175e6c4e9c1076479723b91d7cd7a5522b543faf24b07e144/VXRla6mNFswD88E:0
[17580514ms] [LOG] /.*.*=.*/ @ https://challenges.cloudflare.com/cdn-cgi/challenge-platform/h/b/turnstile/f/ov2/av0/rch/cg7ce/0x4AAAAAAAIkKY4HiHOeDV-W/light/fbE/api/normal?lang=auto:0
[17580515ms] [LOG] /.*.*=.*/ @ https://challenges.cloudflare.com/cdn-cgi/challenge-platform/h/b/turnstile/f/ov2/av0/rch/cg7ce/0x4AAAAAAAIkKY4HiHOeDV-W/light/fbE/api/normal?lang=auto:0
[17580515ms] [LOG] function () { [native code] } @ https://challenges.cloudflare.com/cdn-cgi/challenge-platform/h/b/turnstile/f/ov2/av0/rch/cg7ce/0x4AAAAAAAIkKY4HiHOeDV-W/light/fbE/api/normal?lang=auto:0
[17580515ms] [LOG] function () { [native code] } @ https://challenges.cloudflare.com/cdn-cgi/challenge-platform/h/b/turnstile/f/ov2/av0/rch/cg7ce/0x4AAAAAAAIkKY4HiHOeDV-W/light/fbE/api/normal?lang=auto:0
[17580515ms] [LOG] JSHandle@node @ https://challenges.cloudflare.com/cdn-cgi/challenge-platform/h/b/turnstile/f/ov2/av0/rch/cg7ce/0x4AAAAAAAIkKY4HiHOeDV-W/light/fbE/api/normal?lang=auto:0
[17580515ms] [LOG] JSHandle@node @ https://challenges.cloudflare.com/cdn-cgi/challenge-platform/h/b/turnstile/f/ov2/av0/rch/cg7ce/0x4AAAAAAAIkKY4HiHOeDV-W/light/fbE/api/normal?lang=auto:0
[17580515ms] [COUNT]  : 1 @ https://challenges.cloudflare.com/cdn-cgi/challenge-platform/h/b/turnstile/f/ov2/av0/rch/cg7ce/0x4AAAAAAAIkKY4HiHOeDV-W/light/fbE/api/normal?lang=auto:0
[17580515ms] [COUNT]  : 1 @ https://challenges.cloudflare.com/cdn-cgi/challenge-platform/h/b/turnstile/f/ov2/av0/rch/cg7ce/0x4AAAAAAAIkKY4HiHOeDV-W/light/fbE/api/normal?lang=auto:0
[17580515ms] [DIR]  Error @ https://challenges.cloudflare.com/cdn-cgi/challenge-platform/h/b/turnstile/f/ov2/av0/rch/cg7ce/0x4AAAAAAAIkKY4HiHOeDV-W/light/fbE/api/normal?lang=auto:0
[17580515ms] [DIR]  Error @ https://challenges.cloudflare.com/cdn-cgi/challenge-platform/h/b/turnstile/f/ov2/av0/rch/cg7ce/0x4AAAAAAAIkKY4HiHOeDV-W/light/fbE/api/normal?lang=auto:0
[17580516ms] [DIRXML] %c%d font-size:0;color:transparent Error @ https://challenges.cloudflare.com/cdn-cgi/challenge-platform/h/b/turnstile/f/ov2/av0/rch/cg7ce/0x4AAAAAAAIkKY4HiHOeDV-W/light/fbE/api/normal?lang=auto:0
[17580516ms] [DIRXML] %c%d font-size:0;color:transparent Error @ https://challenges.cloudflare.com/cdn-cgi/challenge-platform/h/b/turnstile/f/ov2/av0/rch/cg7ce/0x4AAAAAAAIkKY4HiHOeDV-W/light/fbE/api/normal?lang=auto:0
[17580516ms] [ERROR] %c%d font-size:0;color:transparent NaN @ https://challenges.cloudflare.com/cdn-cgi/challenge-platform/h/b/turnstile/f/ov2/av0/rch/cg7ce/0x4AAAAAAAIkKY4HiHOeDV-W/light/fbE/api/normal?lang=auto:0
[17580516ms] [ERROR] %c%d font-size:0;color:transparent NaN @ https://challenges.cloudflare.com/cdn-cgi/challenge-platform/h/b/turnstile/f/ov2/av0/rch/cg7ce/0x4AAAAAAAIkKY4HiHOeDV-W/light/fbE/api/normal?lang=auto:0
[17580516ms] [INFO] %c%d font-size:0;color:transparent NaN @ https://challenges.cloudflare.com/cdn-cgi/challenge-platform/h/b/turnstile/f/ov2/av0/rch/cg7ce/0x4AAAAAAAIkKY4HiHOeDV-W/light/fbE/api/normal?lang=auto:0
[17580516ms] [INFO] %c%d font-size:0;color:transparent NaN @ https://challenges.cloudflare.com/cdn-cgi/challenge-platform/h/b/turnstile/f/ov2/av0/rch/cg7ce/0x4AAAAAAAIkKY4HiHOeDV-W/light/fbE/api/normal?lang=auto:0
[17580516ms] [LOG] %c%d font-size:0;color:transparent NaN @ https://challenges.cloudflare.com/cdn-cgi/challenge-platform/h/b/turnstile/f/ov2/av0/rch/cg7ce/0x4AAAAAAAIkKY4HiHOeDV-W/light/fbE/api/normal?lang=auto:0
[17580516ms] [LOG] %c%d font-size:0;color:transparent NaN @ https://challenges.cloudflare.com/cdn-cgi/challenge-platform/h/b/turnstile/f/ov2/av0/rch/cg7ce/0x4AAAAAAAIkKY4HiHOeDV-W/light/fbE/api/normal?lang=auto:0
[17580516ms] [TABLE] %c%d font-size:0;color:transparent Error @ https://challenges.cloudflare.com/cdn-cgi/challenge-platform/h/b/turnstile/f/ov2/av0/rch/cg7ce/0x4AAAAAAAIkKY4HiHOeDV-W/light/fbE/api/normal?lang=auto:0
[17580516ms] [TABLE] %c%d font-size:0;color:transparent Error @ https://challenges.cloudflare.com/cdn-cgi/challenge-platform/h/b/turnstile/f/ov2/av0/rch/cg7ce/0x4AAAAAAAIkKY4HiHOeDV-W/light/fbE/api/normal?lang=auto:0
[17580517ms] [WARNING] %c%d font-size:0;color:transparent NaN @ https://challenges.cloudflare.com/cdn-cgi/challenge-platform/h/b/turnstile/f/ov2/av0/rch/cg7ce/0x4AAAAAAAIkKY4HiHOeDV-W/light/fbE/api/normal?lang=auto:0
[17580517ms] [WARNING] %c%d font-size:0;color:transparent NaN @ https://challenges.cloudflare.com/cdn-cgi/challenge-platform/h/b/turnstile/f/ov2/av0/rch/cg7ce/0x4AAAAAAAIkKY4HiHOeDV-W/light/fbE/api/normal?lang=auto:0
[17583657ms] [WARNING] The resource https://challenges.cloudflare.com/cdn-cgi/challenge-platform/h/b/cmg/1 was preloaded using link preload but not used within a few seconds from the window's load event. Please make sure it has an appropriate `as` value and it is preloaded intentionally. @ https://challenges.cloudflare.com/cdn-cgi/challenge-platform/h/b/turnstile/f/ov2/av0/rch/cg7ce/0x4AAAAAAAIkKY4HiHOeDV-W/light/fbE/api/normal?lang=auto:0
[17610264ms] [ERROR] Failed to load resource: the server responded with a status of 400 () @ https://dash.cloudflare.com/api/v4/accounts/26222712d3392b2288d8a171310de415/registrar/domains/musicbythibaut.com/register:0
[17610720ms] [LOG] /.*.*=.*/ @ https://challenges.cloudflare.com/cdn-cgi/challenge-platform/h/b/turnstile/f/ov2/av0/rch/cg7ce/0x4AAAAAAAIkKY4HiHOeDV-W/light/fbE/api/normal?lang=auto:0
[17610720ms] [LOG] /.*.*=.*/ @ https://challenges.cloudflare.com/cdn-cgi/challenge-platform/h/b/turnstile/f/ov2/av0/rch/cg7ce/0x4AAAAAAAIkKY4HiHOeDV-W/light/fbE/api/normal?lang=auto:0
[17610721ms] [LOG] function () { [native code] } @ https://challenges.cloudflare.com/cdn-cgi/challenge-platform/h/b/turnstile/f/ov2/av0/rch/cg7ce/0x4AAAAAAAIkKY4HiHOeDV-W/light/fbE/api/normal?lang=auto:0
[17610721ms] [LOG] function () { [native code] } @ https://challenges.cloudflare.com/cdn-cgi/challenge-platform/h/b/turnstile/f/ov2/av0/rch/cg7ce/0x4AAAAAAAIkKY4HiHOeDV-W/light/fbE/api/normal?lang=auto:0
[17610721ms] [LOG] JSHandle@node @ https://challenges.cloudflare.com/cdn-cgi/challenge-platform/h/b/turnstile/f/ov2/av0/rch/cg7ce/0x4AAAAAAAIkKY4HiHOeDV-W/light/fbE/api/normal?lang=auto:0
[17610721ms] [LOG] JSHandle@node @ https://challenges.cloudflare.com/cdn-cgi/challenge-platform/h/b/turnstile/f/ov2/av0/rch/cg7ce/0x4AAAAAAAIkKY4HiHOeDV-W/light/fbE/api/normal?lang=auto:0
[17610721ms] [COUNT]  : 1 @ https://challenges.cloudflare.com/cdn-cgi/challenge-platform/h/b/turnstile/f/ov2/av0/rch/cg7ce/0x4AAAAAAAIkKY4HiHOeDV-W/light/fbE/api/normal?lang=auto:0
[17610722ms] [COUNT]  : 1 @ https://challenges.cloudflare.com/cdn-cgi/challenge-platform/h/b/turnstile/f/ov2/av0/rch/cg7ce/0x4AAAAAAAIkKY4HiHOeDV-W/light/fbE/api/normal?lang=auto:0
[17610722ms] [DIR]  Error @ https://challenges.cloudflare.com/cdn-cgi/challenge-platform/h/b/turnstile/f/ov2/av0/rch/cg7ce/0x4AAAAAAAIkKY4HiHOeDV-W/light/fbE/api/normal?lang=auto:0
[17610723ms] [DIR]  Error @ https://challenges.cloudflare.com/cdn-cgi/challenge-platform/h/b/turnstile/f/ov2/av0/rch/cg7ce/0x4AAAAAAAIkKY4HiHOeDV-W/light/fbE/api/normal?lang=auto:0
[17610723ms] [DIRXML] %c%d font-size:0;color:transparent Error @ https://challenges.cloudflare.com/cdn-cgi/challenge-platform/h/b/turnstile/f/ov2/av0/rch/cg7ce/0x4AAAAAAAIkKY4HiHOeDV-W/light/fbE/api/normal?lang=auto:0
[17610723ms] [DIRXML] %c%d font-size:0;color:transparent Error @ https://challenges.cloudflare.com/cdn-cgi/challenge-platform/h/b/turnstile/f/ov2/av0/rch/cg7ce/0x4AAAAAAAIkKY4HiHOeDV-W/light/fbE/api/normal?lang=auto:0
[17610723ms] [ERROR] %c%d font-size:0;color:transparent NaN @ https://challenges.cloudflare.com/cdn-cgi/challenge-platform/h/b/turnstile/f/ov2/av0/rch/cg7ce/0x4AAAAAAAIkKY4HiHOeDV-W/light/fbE/api/normal?lang=auto:0
[17610723ms] [ERROR] %c%d font-size:0;color:transparent NaN @ https://challenges.cloudflare.com/cdn-cgi/challenge-platform/h/b/turnstile/f/ov2/av0/rch/cg7ce/0x4AAAAAAAIkKY4HiHOeDV-W/light/fbE/api/normal?lang=auto:0
[17610723ms] [INFO] %c%d font-size:0;color:transparent NaN @ https://challenges.cloudflare.com/cdn-cgi/challenge-platform/h/b/turnstile/f/ov2/av0/rch/cg7ce/0x4AAAAAAAIkKY4HiHOeDV-W/light/fbE/api/normal?lang=auto:0
[17610723ms] [INFO] %c%d font-size:0;color:transparent NaN @ https://challenges.cloudflare.com/cdn-cgi/challenge-platform/h/b/turnstile/f/ov2/av0/rch/cg7ce/0x4AAAAAAAIkKY4HiHOeDV-W/light/fbE/api/normal?lang=auto:0
[17610724ms] [LOG] %c%d font-size:0;color:transparent NaN @ https://challenges.cloudflare.com/cdn-cgi/challenge-platform/h/b/turnstile/f/ov2/av0/rch/cg7ce/0x4AAAAAAAIkKY4HiHOeDV-W/light/fbE/api/normal?lang=auto:0
[17610724ms] [LOG] %c%d font-size:0;color:transparent NaN @ https://challenges.cloudflare.com/cdn-cgi/challenge-platform/h/b/turnstile/f/ov2/av0/rch/cg7ce/0x4AAAAAAAIkKY4HiHOeDV-W/light/fbE/api/normal?lang=auto:0
[17610724ms] [TABLE] %c%d font-size:0;color:transparent Error @ https://challenges.cloudflare.com/cdn-cgi/challenge-platform/h/b/turnstile/f/ov2/av0/rch/cg7ce/0x4AAAAAAAIkKY4HiHOeDV-W/light/fbE/api/normal?lang=auto:0
[17610724ms] [TABLE] %c%d font-size:0;color:transparent Error @ https://challenges.cloudflare.com/cdn-cgi/challenge-platform/h/b/turnstile/f/ov2/av0/rch/cg7ce/0x4AAAAAAAIkKY4HiHOeDV-W/light/fbE/api/normal?lang=auto:0
[17610724ms] [WARNING] %c%d font-size:0;color:transparent NaN @ https://challenges.cloudflare.com/cdn-cgi/challenge-platform/h/b/turnstile/f/ov2/av0/rch/cg7ce/0x4AAAAAAAIkKY4HiHOeDV-W/light/fbE/api/normal?lang=auto:0
[17610724ms] [WARNING] %c%d font-size:0;color:transparent NaN @ https://challenges.cloudflare.com/cdn-cgi/challenge-platform/h/b/turnstile/f/ov2/av0/rch/cg7ce/0x4AAAAAAAIkKY4HiHOeDV-W/light/fbE/api/normal?lang=auto:0
[17610962ms] [LOG] The next request for the Private Access Token challenge may return a 401 and show a warning in console. @ https://challenges.cloudflare.com/cdn-cgi/challenge-platform/h/b/turnstile/f/ov2/av0/rch/cg7ce/0x4AAAAAAAIkKY4HiHOeDV-W/light/fbE/api/normal?lang=auto:0
[17610976ms] [ERROR] Failed to load resource: the server responded with a status of 401 () @ https://challenges.cloudflare.com/cdn-cgi/challenge-platform/h/b/pat/9ff6cb8cf856fa34/1779400209635/344c25d0aedbb2812d7ac1a0bf0eb98f2ed3847644baa11cd462cbd01553e88e/UqgNH13pkfyPOJT:0
[17613447ms] [ERROR] Failed to load resource: the server responded with a status of 400 () @ https://dash.cloudflare.com/api/v4/accounts/26222712d3392b2288d8a171310de415/registrar/domains/musicbythibaut.com/register:0
[17614326ms] [LOG] The next request for the Private Access Token challenge may return a 401 and show a warning in console. @ https://challenges.cloudflare.com/cdn-cgi/challenge-platform/h/b/turnstile/f/ov2/av0/rch/cg7ce/0x4AAAAAAAIkKY4HiHOeDV-W/light/fbE/api/normal?lang=auto:0
[17614343ms] [ERROR] Failed to load resource: the server responded with a status of 401 () @ https://challenges.cloudflare.com/cdn-cgi/challenge-platform/h/b/pat/9ff6cba0b86cfa34/1779400212785/293c739d04b2a899488a1c5f35a462124587af735126ea48f587016200b8edd6/ySLlQkPyGpvabf0:0
[17614391ms] [LOG] /.*.*=.*/ @ https://challenges.cloudflare.com/cdn-cgi/challenge-platform/h/b/turnstile/f/ov2/av0/rch/cg7ce/0x4AAAAAAAIkKY4HiHOeDV-W/light/fbE/api/normal?lang=auto:0
[17614391ms] [LOG] /.*.*=.*/ @ https://challenges.cloudflare.com/cdn-cgi/challenge-platform/h/b/turnstile/f/ov2/av0/rch/cg7ce/0x4AAAAAAAIkKY4HiHOeDV-W/light/fbE/api/normal?lang=auto:0
[17614391ms] [LOG] function () { [native code] } @ https://challenges.cloudflare.com/cdn-cgi/challenge-platform/h/b/turnstile/f/ov2/av0/rch/cg7ce/0x4AAAAAAAIkKY4HiHOeDV-W/light/fbE/api/normal?lang=auto:0
[17614391ms] [LOG] function () { [native code] } @ https://challenges.cloudflare.com/cdn-cgi/challenge-platform/h/b/turnstile/f/ov2/av0/rch/cg7ce/0x4AAAAAAAIkKY4HiHOeDV-W/light/fbE/api/normal?lang=auto:0
[17614391ms] [LOG] JSHandle@node @ https://challenges.cloudflare.com/cdn-cgi/challenge-platform/h/b/turnstile/f/ov2/av0/rch/cg7ce/0x4AAAAAAAIkKY4HiHOeDV-W/light/fbE/api/normal?lang=auto:0
[17614391ms] [LOG] JSHandle@node @ https://challenges.cloudflare.com/cdn-cgi/challenge-platform/h/b/turnstile/f/ov2/av0/rch/cg7ce/0x4AAAAAAAIkKY4HiHOeDV-W/light/fbE/api/normal?lang=auto:0
[17614392ms] [COUNT]  : 1 @ https://challenges.cloudflare.com/cdn-cgi/challenge-platform/h/b/turnstile/f/ov2/av0/rch/cg7ce/0x4AAAAAAAIkKY4HiHOeDV-W/light/fbE/api/normal?lang=auto:0
[17614392ms] [COUNT]  : 1 @ https://challenges.cloudflare.com/cdn-cgi/challenge-platform/h/b/turnstile/f/ov2/av0/rch/cg7ce/0x4AAAAAAAIkKY4HiHOeDV-W/light/fbE/api/normal?lang=auto:0
[17614392ms] [DIR]  Error @ https://challenges.cloudflare.com/cdn-cgi/challenge-platform/h/b/turnstile/f/ov2/av0/rch/cg7ce/0x4AAAAAAAIkKY4HiHOeDV-W/light/fbE/api/normal?lang=auto:0
[17614392ms] [DIR]  Error @ https://challenges.cloudflare.com/cdn-cgi/challenge-platform/h/b/turnstile/f/ov2/av0/rch/cg7ce/0x4AAAAAAAIkKY4HiHOeDV-W/light/fbE/api/normal?lang=auto:0
[17614392ms] [DIRXML] %c%d font-size:0;color:transparent Error @ https://challenges.cloudflare.com/cdn-cgi/challenge-platform/h/b/turnstile/f/ov2/av0/rch/cg7ce/0x4AAAAAAAIkKY4HiHOeDV-W/light/fbE/api/normal?lang=auto:0
[17614392ms] [DIRXML] %c%d font-size:0;color:transparent Error @ https://challenges.cloudflare.com/cdn-cgi/challenge-platform/h/b/turnstile/f/ov2/av0/rch/cg7ce/0x4AAAAAAAIkKY4HiHOeDV-W/light/fbE/api/normal?lang=auto:0
[17614392ms] [ERROR] %c%d font-size:0;color:transparent NaN @ https://challenges.cloudflare.com/cdn-cgi/challenge-platform/h/b/turnstile/f/ov2/av0/rch/cg7ce/0x4AAAAAAAIkKY4HiHOeDV-W/light/fbE/api/normal?lang=auto:0
[17614392ms] [ERROR] %c%d font-size:0;color:transparent NaN @ https://challenges.cloudflare.com/cdn-cgi/challenge-platform/h/b/turnstile/f/ov2/av0/rch/cg7ce/0x4AAAAAAAIkKY4HiHOeDV-W/light/fbE/api/normal?lang=auto:0
[17614393ms] [INFO] %c%d font-size:0;color:transparent NaN @ https://challenges.cloudflare.com/cdn-cgi/challenge-platform/h/b/turnstile/f/ov2/av0/rch/cg7ce/0x4AAAAAAAIkKY4HiHOeDV-W/light/fbE/api/normal?lang=auto:0
[17614396ms] [INFO] %c%d font-size:0;color:transparent NaN @ https://challenges.cloudflare.com/cdn-cgi/challenge-platform/h/b/turnstile/f/ov2/av0/rch/cg7ce/0x4AAAAAAAIkKY4HiHOeDV-W/light/fbE/api/normal?lang=auto:0
[17614396ms] [LOG] %c%d font-size:0;color:transparent NaN @ https://challenges.cloudflare.com/cdn-cgi/challenge-platform/h/b/turnstile/f/ov2/av0/rch/cg7ce/0x4AAAAAAAIkKY4HiHOeDV-W/light/fbE/api/normal?lang=auto:0
[17614396ms] [LOG] %c%d font-size:0;color:transparent NaN @ https://challenges.cloudflare.com/cdn-cgi/challenge-platform/h/b/turnstile/f/ov2/av0/rch/cg7ce/0x4AAAAAAAIkKY4HiHOeDV-W/light/fbE/api/normal?lang=auto:0
[17614396ms] [TABLE] %c%d font-size:0;color:transparent Error @ https://challenges.cloudflare.com/cdn-cgi/challenge-platform/h/b/turnstile/f/ov2/av0/rch/cg7ce/0x4AAAAAAAIkKY4HiHOeDV-W/light/fbE/api/normal?lang=auto:0
[17614397ms] [TABLE] %c%d font-size:0;color:transparent Error @ https://challenges.cloudflare.com/cdn-cgi/challenge-platform/h/b/turnstile/f/ov2/av0/rch/cg7ce/0x4AAAAAAAIkKY4HiHOeDV-W/light/fbE/api/normal?lang=auto:0
[17614397ms] [WARNING] %c%d font-size:0;color:transparent NaN @ https://challenges.cloudflare.com/cdn-cgi/challenge-platform/h/b/turnstile/f/ov2/av0/rch/cg7ce/0x4AAAAAAAIkKY4HiHOeDV-W/light/fbE/api/normal?lang=auto:0
[17614397ms] [WARNING] %c%d font-size:0;color:transparent NaN @ https://challenges.cloudflare.com/cdn-cgi/challenge-platform/h/b/turnstile/f/ov2/av0/rch/cg7ce/0x4AAAAAAAIkKY4HiHOeDV-W/light/fbE/api/normal?lang=auto:0
[17617828ms] [WARNING] The resource https://challenges.cloudflare.com/cdn-cgi/challenge-platform/h/b/cmg/1 was preloaded using link preload but not used within a few seconds from the window's load event. Please make sure it has an appropriate `as` value and it is preloaded intentionally. @ https://challenges.cloudflare.com/cdn-cgi/challenge-platform/h/b/turnstile/f/ov2/av0/rch/cg7ce/0x4AAAAAAAIkKY4HiHOeDV-W/light/fbE/api/normal?lang=auto:0
[17628084ms] [WARNING] [Cloudflare Turnstile] Ignored message from unexpected source for event: translationInit. @ https://dash.cloudflare.com/cf-24b56b9ee1ac5b84.js:2
[17628711ms] [WARNING] [Cloudflare Turnstile] Cannot find Widget cf-chl-widget-cg7ce, consider using turnstile.remove() to clean up a widget. @ https://dash.cloudflare.com/cf-24b56b9ee1ac5b84.js:2
[17694654ms] [LOG] /.*.*=.*/ @ https://challenges.cloudflare.com/cdn-cgi/challenge-platform/h/b/turnstile/f/ov2/av0/rch/d2rvf/0x4AAAAAAAIkKY4HiHOeDV-W/light/fbE/new/normal?lang=auto:0
[17694654ms] [LOG] /.*.*=.*/ @ https://challenges.cloudflare.com/cdn-cgi/challenge-platform/h/b/turnstile/f/ov2/av0/rch/d2rvf/0x4AAAAAAAIkKY4HiHOeDV-W/light/fbE/new/normal?lang=auto:0
[17694654ms] [LOG] function () { [native code] } @ https://challenges.cloudflare.com/cdn-cgi/challenge-platform/h/b/turnstile/f/ov2/av0/rch/d2rvf/0x4AAAAAAAIkKY4HiHOeDV-W/light/fbE/new/normal?lang=auto:0
[17694654ms] [LOG] function () { [native code] } @ https://challenges.cloudflare.com/cdn-cgi/challenge-platform/h/b/turnstile/f/ov2/av0/rch/d2rvf/0x4AAAAAAAIkKY4HiHOeDV-W/light/fbE/new/normal?lang=auto:0
[17694654ms] [LOG] JSHandle@node @ https://challenges.cloudflare.com/cdn-cgi/challenge-platform/h/b/turnstile/f/ov2/av0/rch/d2rvf/0x4AAAAAAAIkKY4HiHOeDV-W/light/fbE/new/normal?lang=auto:0
[17694654ms] [LOG] JSHandle@node @ https://challenges.cloudflare.com/cdn-cgi/challenge-platform/h/b/turnstile/f/ov2/av0/rch/d2rvf/0x4AAAAAAAIkKY4HiHOeDV-W/light/fbE/new/normal?lang=auto:0
[17694654ms] [COUNT]  : 1 @ https://challenges.cloudflare.com/cdn-cgi/challenge-platform/h/b/turnstile/f/ov2/av0/rch/d2rvf/0x4AAAAAAAIkKY4HiHOeDV-W/light/fbE/new/normal?lang=auto:0
[17694655ms] [COUNT]  : 1 @ https://challenges.cloudflare.com/cdn-cgi/challenge-platform/h/b/turnstile/f/ov2/av0/rch/d2rvf/0x4AAAAAAAIkKY4HiHOeDV-W/light/fbE/new/normal?lang=auto:0
[17694655ms] [DIR]  Error @ https://challenges.cloudflare.com/cdn-cgi/challenge-platform/h/b/turnstile/f/ov2/av0/rch/d2rvf/0x4AAAAAAAIkKY4HiHOeDV-W/light/fbE/new/normal?lang=auto:0
[17694655ms] [DIR]  Error @ https://challenges.cloudflare.com/cdn-cgi/challenge-platform/h/b/turnstile/f/ov2/av0/rch/d2rvf/0x4AAAAAAAIkKY4HiHOeDV-W/light/fbE/new/normal?lang=auto:0
[17694655ms] [DIRXML] %c%d font-size:0;color:transparent Error @ https://challenges.cloudflare.com/cdn-cgi/challenge-platform/h/b/turnstile/f/ov2/av0/rch/d2rvf/0x4AAAAAAAIkKY4HiHOeDV-W/light/fbE/new/normal?lang=auto:0
[17694655ms] [DIRXML] %c%d font-size:0;color:transparent Error @ https://challenges.cloudflare.com/cdn-cgi/challenge-platform/h/b/turnstile/f/ov2/av0/rch/d2rvf/0x4AAAAAAAIkKY4HiHOeDV-W/light/fbE/new/normal?lang=auto:0
[17694655ms] [ERROR] %c%d font-size:0;color:transparent NaN @ https://challenges.cloudflare.com/cdn-cgi/challenge-platform/h/b/turnstile/f/ov2/av0/rch/d2rvf/0x4AAAAAAAIkKY4HiHOeDV-W/light/fbE/new/normal?lang=auto:0
[17694655ms] [ERROR] %c%d font-size:0;color:transparent NaN @ https://challenges.cloudflare.com/cdn-cgi/challenge-platform/h/b/turnstile/f/ov2/av0/rch/d2rvf/0x4AAAAAAAIkKY4HiHOeDV-W/light/fbE/new/normal?lang=auto:0
[17694655ms] [INFO] %c%d font-size:0;color:transparent NaN @ https://challenges.cloudflare.com/cdn-cgi/challenge-platform/h/b/turnstile/f/ov2/av0/rch/d2rvf/0x4AAAAAAAIkKY4HiHOeDV-W/light/fbE/new/normal?lang=auto:0
[17694655ms] [INFO] %c%d font-size:0;color:transparent NaN @ https://challenges.cloudflare.com/cdn-cgi/challenge-platform/h/b/turnstile/f/ov2/av0/rch/d2rvf/0x4AAAAAAAIkKY4HiHOeDV-W/light/fbE/new/normal?lang=auto:0
[17694656ms] [LOG] %c%d font-size:0;color:transparent NaN @ https://challenges.cloudflare.com/cdn-cgi/challenge-platform/h/b/turnstile/f/ov2/av0/rch/d2rvf/0x4AAAAAAAIkKY4HiHOeDV-W/light/fbE/new/normal?lang=auto:0
[17694656ms] [LOG] %c%d font-size:0;color:transparent NaN @ https://challenges.cloudflare.com/cdn-cgi/challenge-platform/h/b/turnstile/f/ov2/av0/rch/d2rvf/0x4AAAAAAAIkKY4HiHOeDV-W/light/fbE/new/normal?lang=auto:0
[17694656ms] [TABLE] %c%d font-size:0;color:transparent Error @ https://challenges.cloudflare.com/cdn-cgi/challenge-platform/h/b/turnstile/f/ov2/av0/rch/d2rvf/0x4AAAAAAAIkKY4HiHOeDV-W/light/fbE/new/normal?lang=auto:0
[17694656ms] [TABLE] %c%d font-size:0;color:transparent Error @ https://challenges.cloudflare.com/cdn-cgi/challenge-platform/h/b/turnstile/f/ov2/av0/rch/d2rvf/0x4AAAAAAAIkKY4HiHOeDV-W/light/fbE/new/normal?lang=auto:0
[17694656ms] [WARNING] %c%d font-size:0;color:transparent NaN @ https://challenges.cloudflare.com/cdn-cgi/challenge-platform/h/b/turnstile/f/ov2/av0/rch/d2rvf/0x4AAAAAAAIkKY4HiHOeDV-W/light/fbE/new/normal?lang=auto:0
[17694656ms] [WARNING] %c%d font-size:0;color:transparent NaN @ https://challenges.cloudflare.com/cdn-cgi/challenge-platform/h/b/turnstile/f/ov2/av0/rch/d2rvf/0x4AAAAAAAIkKY4HiHOeDV-W/light/fbE/new/normal?lang=auto:0
[17694669ms] [LOG] The next request for the Private Access Token challenge may return a 401 and show a warning in console. @ https://challenges.cloudflare.com/cdn-cgi/challenge-platform/h/b/turnstile/f/ov2/av0/rch/d2rvf/0x4AAAAAAAIkKY4HiHOeDV-W/light/fbE/new/normal?lang=auto:0
[17694685ms] [ERROR] Failed to load resource: the server responded with a status of 401 () @ https://challenges.cloudflare.com/cdn-cgi/challenge-platform/h/b/pat/9ff6cd98ce781bcb/1779400293450/94b966e931d6960d22911921ea15da16f69f5926f3d9d35691cf72ca2d6d01ce/g4YR5cLINKs63El:0
[17698475ms] [WARNING] The resource https://challenges.cloudflare.com/cdn-cgi/challenge-platform/h/b/cmg/1 was preloaded using link preload but not used within a few seconds from the window's load event. Please make sure it has an appropriate `as` value and it is preloaded intentionally. @ https://challenges.cloudflare.com/cdn-cgi/challenge-platform/h/b/turnstile/f/ov2/av0/rch/d2rvf/0x4AAAAAAAIkKY4HiHOeDV-W/light/fbE/new/normal?lang=auto:0
[17708778ms] [ERROR] Failed to load resource: the server responded with a status of 400 () @ https://dash.cloudflare.com/api/v4/accounts/26222712d3392b2288d8a171310de415/registrar/domains/musicbythibaut.com/register:0
[17709418ms] [WARNING] [Cloudflare Turnstile] Cannot find Widget cf-chl-widget-d2rvf, consider using turnstile.remove() to clean up a widget. @ https://dash.cloudflare.com/cf-24b56b9ee1ac5b84.js:2
[17791200ms] [ERROR] Failed to load resource: the server responded with a status of 404 () @ https://dash.cloudflare.com/api/v4/accounts/26222712d3392b2288d8a171310de415/payment-methods/cGF5bWVudG1ldGhvZF9wcF84ODdrcDU3NA:0
[17791201ms] [ERROR] Error fetching payment methods on Register Domains ApiError: HTTP 404
    at https://dash.cloudflare.com/cf-pkg-cloudflare-utils.b1b459fe71fc97b2.js:3:4227
    at https://dash.cloudflare.com/cf-pkg-cloudflare-utils.b1b459fe71fc97b2.js:3:4382
    at async ev (https://dash.cloudflare.com/cf-c29c76b4f6b73e21.js:3:545253)
--- called from ---
Error
    at r.<computed>.r.<computed> (https://dash.cloudflare.com/cf-pkg-cloudflare-utils.b1b459fe71fc97b2.js:3:4046)
    at ev (https://dash.cloudflare.com/cf-c29c76b4f6b73e21.js:3:545269) @ https://dash.cloudflare.com/cf-24b56b9ee1ac5b84.js:2
[17791703ms] [ERROR] Failed to load resource: the server responded with a status of 400 () @ https://dash.cloudflare.com/api/v4/accounts/26222712d3392b2288d8a171310de415/registrar/domains/musicbythibaut.com/register:0
[17792842ms] [LOG] /.*.*=.*/ @ https://challenges.cloudflare.com/cdn-cgi/challenge-platform/h/b/turnstile/f/ov2/av0/rch/1h8qd/0x4AAAAAAAIkKY4HiHOeDV-W/light/fbE/new/normal?lang=auto:0
[17792842ms] [LOG] /.*.*=.*/ @ https://challenges.cloudflare.com/cdn-cgi/challenge-platform/h/b/turnstile/f/ov2/av0/rch/1h8qd/0x4AAAAAAAIkKY4HiHOeDV-W/light/fbE/new/normal?lang=auto:0
[17792842ms] [LOG] function () { [native code] } @ https://challenges.cloudflare.com/cdn-cgi/challenge-platform/h/b/turnstile/f/ov2/av0/rch/1h8qd/0x4AAAAAAAIkKY4HiHOeDV-W/light/fbE/new/normal?lang=auto:0
[17792843ms] [LOG] function () { [native code] } @ https://challenges.cloudflare.com/cdn-cgi/challenge-platform/h/b/turnstile/f/ov2/av0/rch/1h8qd/0x4AAAAAAAIkKY4HiHOeDV-W/light/fbE/new/normal?lang=auto:0
[17792843ms] [LOG] JSHandle@node @ https://challenges.cloudflare.com/cdn-cgi/challenge-platform/h/b/turnstile/f/ov2/av0/rch/1h8qd/0x4AAAAAAAIkKY4HiHOeDV-W/light/fbE/new/normal?lang=auto:0
[17792843ms] [LOG] JSHandle@node @ https://challenges.cloudflare.com/cdn-cgi/challenge-platform/h/b/turnstile/f/ov2/av0/rch/1h8qd/0x4AAAAAAAIkKY4HiHOeDV-W/light/fbE/new/normal?lang=auto:0
[17792844ms] [COUNT]  : 1 @ https://challenges.cloudflare.com/cdn-cgi/challenge-platform/h/b/turnstile/f/ov2/av0/rch/1h8qd/0x4AAAAAAAIkKY4HiHOeDV-W/light/fbE/new/normal?lang=auto:0
[17792844ms] [COUNT]  : 1 @ https://challenges.cloudflare.com/cdn-cgi/challenge-platform/h/b/turnstile/f/ov2/av0/rch/1h8qd/0x4AAAAAAAIkKY4HiHOeDV-W/light/fbE/new/normal?lang=auto:0
[17792844ms] [DIR]  Error @ https://challenges.cloudflare.com/cdn-cgi/challenge-platform/h/b/turnstile/f/ov2/av0/rch/1h8qd/0x4AAAAAAAIkKY4HiHOeDV-W/light/fbE/new/normal?lang=auto:0
[17792844ms] [DIR]  Error @ https://challenges.cloudflare.com/cdn-cgi/challenge-platform/h/b/turnstile/f/ov2/av0/rch/1h8qd/0x4AAAAAAAIkKY4HiHOeDV-W/light/fbE/new/normal?lang=auto:0
[17792844ms] [DIRXML] %c%d font-size:0;color:transparent Error @ https://challenges.cloudflare.com/cdn-cgi/challenge-platform/h/b/turnstile/f/ov2/av0/rch/1h8qd/0x4AAAAAAAIkKY4HiHOeDV-W/light/fbE/new/normal?lang=auto:0
[17792844ms] [DIRXML] %c%d font-size:0;color:transparent Error @ https://challenges.cloudflare.com/cdn-cgi/challenge-platform/h/b/turnstile/f/ov2/av0/rch/1h8qd/0x4AAAAAAAIkKY4HiHOeDV-W/light/fbE/new/normal?lang=auto:0
[17792845ms] [ERROR] %c%d font-size:0;color:transparent NaN @ https://challenges.cloudflare.com/cdn-cgi/challenge-platform/h/b/turnstile/f/ov2/av0/rch/1h8qd/0x4AAAAAAAIkKY4HiHOeDV-W/light/fbE/new/normal?lang=auto:0
[17792845ms] [ERROR] %c%d font-size:0;color:transparent NaN @ https://challenges.cloudflare.com/cdn-cgi/challenge-platform/h/b/turnstile/f/ov2/av0/rch/1h8qd/0x4AAAAAAAIkKY4HiHOeDV-W/light/fbE/new/normal?lang=auto:0
[17792845ms] [INFO] %c%d font-size:0;color:transparent NaN @ https://challenges.cloudflare.com/cdn-cgi/challenge-platform/h/b/turnstile/f/ov2/av0/rch/1h8qd/0x4AAAAAAAIkKY4HiHOeDV-W/light/fbE/new/normal?lang=auto:0
[17792845ms] [INFO] %c%d font-size:0;color:transparent NaN @ https://challenges.cloudflare.com/cdn-cgi/challenge-platform/h/b/turnstile/f/ov2/av0/rch/1h8qd/0x4AAAAAAAIkKY4HiHOeDV-W/light/fbE/new/normal?lang=auto:0
[17792845ms] [LOG] %c%d font-size:0;color:transparent NaN @ https://challenges.cloudflare.com/cdn-cgi/challenge-platform/h/b/turnstile/f/ov2/av0/rch/1h8qd/0x4AAAAAAAIkKY4HiHOeDV-W/light/fbE/new/normal?lang=auto:0
[17792845ms] [LOG] %c%d font-size:0;color:transparent NaN @ https://challenges.cloudflare.com/cdn-cgi/challenge-platform/h/b/turnstile/f/ov2/av0/rch/1h8qd/0x4AAAAAAAIkKY4HiHOeDV-W/light/fbE/new/normal?lang=auto:0
[17792845ms] [TABLE] %c%d font-size:0;color:transparent Error @ https://challenges.cloudflare.com/cdn-cgi/challenge-platform/h/b/turnstile/f/ov2/av0/rch/1h8qd/0x4AAAAAAAIkKY4HiHOeDV-W/light/fbE/new/normal?lang=auto:0
[17792845ms] [TABLE] %c%d font-size:0;color:transparent Error @ https://challenges.cloudflare.com/cdn-cgi/challenge-platform/h/b/turnstile/f/ov2/av0/rch/1h8qd/0x4AAAAAAAIkKY4HiHOeDV-W/light/fbE/new/normal?lang=auto:0
[17792846ms] [WARNING] %c%d font-size:0;color:transparent NaN @ https://challenges.cloudflare.com/cdn-cgi/challenge-platform/h/b/turnstile/f/ov2/av0/rch/1h8qd/0x4AAAAAAAIkKY4HiHOeDV-W/light/fbE/new/normal?lang=auto:0
[17792846ms] [WARNING] %c%d font-size:0;color:transparent NaN @ https://challenges.cloudflare.com/cdn-cgi/challenge-platform/h/b/turnstile/f/ov2/av0/rch/1h8qd/0x4AAAAAAAIkKY4HiHOeDV-W/light/fbE/new/normal?lang=auto:0
[17793107ms] [LOG] The next request for the Private Access Token challenge may return a 401 and show a warning in console. @ https://challenges.cloudflare.com/cdn-cgi/challenge-platform/h/b/turnstile/f/ov2/av0/rch/1h8qd/0x4AAAAAAAIkKY4HiHOeDV-W/light/fbE/new/normal?lang=auto:0
[17793128ms] [ERROR] Failed to load resource: the server responded with a status of 401 () @ https://challenges.cloudflare.com/cdn-cgi/challenge-platform/h/b/pat/9ff6cffc894d66b9/1779400391351/b948fd0844c8706210c49e3eede9e8a6314298f015521bdd8463201162cdf05a/UGK5m4VTRPElfzT:0
[17796632ms] [WARNING] The resource https://challenges.cloudflare.com/cdn-cgi/challenge-platform/h/b/cmg/1 was preloaded using link preload but not used within a few seconds from the window's load event. Please make sure it has an appropriate `as` value and it is preloaded intentionally. @ https://challenges.cloudflare.com/cdn-cgi/challenge-platform/h/b/turnstile/f/ov2/av0/rch/1h8qd/0x4AAAAAAAIkKY4HiHOeDV-W/light/fbE/new/normal?lang=auto:0
[17842252ms] [ERROR] Failed to load resource: the server responded with a status of 404 () @ https://dash.cloudflare.com/api/v4/accounts/26222712d3392b2288d8a171310de415/payment-methods/cGF5bWVudG1ldGhvZF9wcF84ODdrcDU3NA:0
[17842253ms] [ERROR] Error fetching payment methods on Register Domains ApiError: HTTP 404
    at https://dash.cloudflare.com/cf-pkg-cloudflare-utils.b1b459fe71fc97b2.js:3:4227
    at https://dash.cloudflare.com/cf-pkg-cloudflare-utils.b1b459fe71fc97b2.js:3:4382
    at async ev (https://dash.cloudflare.com/cf-c29c76b4f6b73e21.js:3:545253)
--- called from ---
Error
    at r.<computed>.r.<computed> (https://dash.cloudflare.com/cf-pkg-cloudflare-utils.b1b459fe71fc97b2.js:3:4046)
    at ev (https://dash.cloudflare.com/cf-c29c76b4f6b73e21.js:3:545269) @ https://dash.cloudflare.com/cf-24b56b9ee1ac5b84.js:2
[17843244ms] [ERROR] Failed to load resource: the server responded with a status of 400 () @ https://dash.cloudflare.com/api/v4/accounts/26222712d3392b2288d8a171310de415/registrar/domains/musicbythibaut.com/register:0
[17843312ms] [WARNING] Failed to execute 'postMessage' on 'DOMWindow': The target origin provided ('https://challenges.cloudflare.com') does not match the recipient window's origin ('https://dash.cloudflare.com'). @ https://challenges.cloudflare.com/turnstile/v0/api.js:0
[17844116ms] [LOG] The next request for the Private Access Token challenge may return a 401 and show a warning in console. @ https://challenges.cloudflare.com/cdn-cgi/challenge-platform/h/b/turnstile/f/ov2/av0/rch/1h8qd/0x4AAAAAAAIkKY4HiHOeDV-W/light/fbE/api/normal?lang=auto:0
[17844134ms] [ERROR] Failed to load resource: the server responded with a status of 401 () @ https://challenges.cloudflare.com/cdn-cgi/challenge-platform/h/b/pat/9ff6d13cfdbe88d1/1779400442611/ae29b58697730e7fe07462744dc45c0c5c4a01d6fc5ef3b887b865fd2726f27d/nnjq52ql2AEzJPH:0
[17844152ms] [LOG] /.*.*=.*/ @ https://challenges.cloudflare.com/cdn-cgi/challenge-platform/h/b/turnstile/f/ov2/av0/rch/1h8qd/0x4AAAAAAAIkKY4HiHOeDV-W/light/fbE/api/normal?lang=auto:0
[17844152ms] [LOG] /.*.*=.*/ @ https://challenges.cloudflare.com/cdn-cgi/challenge-platform/h/b/turnstile/f/ov2/av0/rch/1h8qd/0x4AAAAAAAIkKY4HiHOeDV-W/light/fbE/api/normal?lang=auto:0
[17844152ms] [LOG] function () { [native code] } @ https://challenges.cloudflare.com/cdn-cgi/challenge-platform/h/b/turnstile/f/ov2/av0/rch/1h8qd/0x4AAAAAAAIkKY4HiHOeDV-W/light/fbE/api/normal?lang=auto:0
[17844152ms] [LOG] function () { [native code] } @ https://challenges.cloudflare.com/cdn-cgi/challenge-platform/h/b/turnstile/f/ov2/av0/rch/1h8qd/0x4AAAAAAAIkKY4HiHOeDV-W/light/fbE/api/normal?lang=auto:0
[17844152ms] [LOG] JSHandle@node @ https://challenges.cloudflare.com/cdn-cgi/challenge-platform/h/b/turnstile/f/ov2/av0/rch/1h8qd/0x4AAAAAAAIkKY4HiHOeDV-W/light/fbE/api/normal?lang=auto:0
[17844152ms] [LOG] JSHandle@node @ https://challenges.cloudflare.com/cdn-cgi/challenge-platform/h/b/turnstile/f/ov2/av0/rch/1h8qd/0x4AAAAAAAIkKY4HiHOeDV-W/light/fbE/api/normal?lang=auto:0
[17844153ms] [COUNT]  : 1 @ https://challenges.cloudflare.com/cdn-cgi/challenge-platform/h/b/turnstile/f/ov2/av0/rch/1h8qd/0x4AAAAAAAIkKY4HiHOeDV-W/light/fbE/api/normal?lang=auto:0
[17844153ms] [COUNT]  : 1 @ https://challenges.cloudflare.com/cdn-cgi/challenge-platform/h/b/turnstile/f/ov2/av0/rch/1h8qd/0x4AAAAAAAIkKY4HiHOeDV-W/light/fbE/api/normal?lang=auto:0
[17844153ms] [DIR]  Error @ https://challenges.cloudflare.com/cdn-cgi/challenge-platform/h/b/turnstile/f/ov2/av0/rch/1h8qd/0x4AAAAAAAIkKY4HiHOeDV-W/light/fbE/api/normal?lang=auto:0
[17844153ms] [DIR]  Error @ https://challenges.cloudflare.com/cdn-cgi/challenge-platform/h/b/turnstile/f/ov2/av0/rch/1h8qd/0x4AAAAAAAIkKY4HiHOeDV-W/light/fbE/api/normal?lang=auto:0
[17844153ms] [DIRXML] %c%d font-size:0;color:transparent Error @ https://challenges.cloudflare.com/cdn-cgi/challenge-platform/h/b/turnstile/f/ov2/av0/rch/1h8qd/0x4AAAAAAAIkKY4HiHOeDV-W/light/fbE/api/normal?lang=auto:0
[17844153ms] [DIRXML] %c%d font-size:0;color:transparent Error @ https://challenges.cloudflare.com/cdn-cgi/challenge-platform/h/b/turnstile/f/ov2/av0/rch/1h8qd/0x4AAAAAAAIkKY4HiHOeDV-W/light/fbE/api/normal?lang=auto:0
[17844153ms] [ERROR] %c%d font-size:0;color:transparent NaN @ https://challenges.cloudflare.com/cdn-cgi/challenge-platform/h/b/turnstile/f/ov2/av0/rch/1h8qd/0x4AAAAAAAIkKY4HiHOeDV-W/light/fbE/api/normal?lang=auto:0
[17844153ms] [ERROR] %c%d font-size:0;color:transparent NaN @ https://challenges.cloudflare.com/cdn-cgi/challenge-platform/h/b/turnstile/f/ov2/av0/rch/1h8qd/0x4AAAAAAAIkKY4HiHOeDV-W/light/fbE/api/normal?lang=auto:0
[17844153ms] [INFO] %c%d font-size:0;color:transparent NaN @ https://challenges.cloudflare.com/cdn-cgi/challenge-platform/h/b/turnstile/f/ov2/av0/rch/1h8qd/0x4AAAAAAAIkKY4HiHOeDV-W/light/fbE/api/normal?lang=auto:0
[17844153ms] [INFO] %c%d font-size:0;color:transparent NaN @ https://challenges.cloudflare.com/cdn-cgi/challenge-platform/h/b/turnstile/f/ov2/av0/rch/1h8qd/0x4AAAAAAAIkKY4HiHOeDV-W/light/fbE/api/normal?lang=auto:0
[17844153ms] [LOG] %c%d font-size:0;color:transparent NaN @ https://challenges.cloudflare.com/cdn-cgi/challenge-platform/h/b/turnstile/f/ov2/av0/rch/1h8qd/0x4AAAAAAAIkKY4HiHOeDV-W/light/fbE/api/normal?lang=auto:0
[17844153ms] [LOG] %c%d font-size:0;color:transparent NaN @ https://challenges.cloudflare.com/cdn-cgi/challenge-platform/h/b/turnstile/f/ov2/av0/rch/1h8qd/0x4AAAAAAAIkKY4HiHOeDV-W/light/fbE/api/normal?lang=auto:0
[17844154ms] [TABLE] %c%d font-size:0;color:transparent Error @ https://challenges.cloudflare.com/cdn-cgi/challenge-platform/h/b/turnstile/f/ov2/av0/rch/1h8qd/0x4AAAAAAAIkKY4HiHOeDV-W/light/fbE/api/normal?lang=auto:0
[17844154ms] [TABLE] %c%d font-size:0;color:transparent Error @ https://challenges.cloudflare.com/cdn-cgi/challenge-platform/h/b/turnstile/f/ov2/av0/rch/1h8qd/0x4AAAAAAAIkKY4HiHOeDV-W/light/fbE/api/normal?lang=auto:0
[17844154ms] [WARNING] %c%d font-size:0;color:transparent NaN @ https://challenges.cloudflare.com/cdn-cgi/challenge-platform/h/b/turnstile/f/ov2/av0/rch/1h8qd/0x4AAAAAAAIkKY4HiHOeDV-W/light/fbE/api/normal?lang=auto:0
[17844154ms] [WARNING] %c%d font-size:0;color:transparent NaN @ https://challenges.cloudflare.com/cdn-cgi/challenge-platform/h/b/turnstile/f/ov2/av0/rch/1h8qd/0x4AAAAAAAIkKY4HiHOeDV-W/light/fbE/api/normal?lang=auto:0
[17847661ms] [WARNING] The resource https://challenges.cloudflare.com/cdn-cgi/challenge-platform/h/b/cmg/1 was preloaded using link preload but not used within a few seconds from the window's load event. Please make sure it has an appropriate `as` value and it is preloaded intentionally. @ https://challenges.cloudflare.com/cdn-cgi/challenge-platform/h/b/turnstile/f/ov2/av0/rch/1h8qd/0x4AAAAAAAIkKY4HiHOeDV-W/light/fbE/api/normal?lang=auto:0
[17852420ms] [ERROR] Failed to load resource: the server responded with a status of 404 () @ https://dash.cloudflare.com/api/v4/accounts/26222712d3392b2288d8a171310de415/payment-methods/cGF5bWVudG1ldGhvZF9wcF84ODdrcDU3NA:0
[17852420ms] [ERROR] Error fetching payment methods on Register Domains ApiError: HTTP 404
    at https://dash.cloudflare.com/cf-pkg-cloudflare-utils.b1b459fe71fc97b2.js:3:4227
    at https://dash.cloudflare.com/cf-pkg-cloudflare-utils.b1b459fe71fc97b2.js:3:4382
    at async ev (https://dash.cloudflare.com/cf-c29c76b4f6b73e21.js:3:545253)
--- called from ---
Error
    at r.<computed>.r.<computed> (https://dash.cloudflare.com/cf-pkg-cloudflare-utils.b1b459fe71fc97b2.js:3:4046)
    at ev (https://dash.cloudflare.com/cf-c29c76b4f6b73e21.js:3:545269) @ https://dash.cloudflare.com/cf-24b56b9ee1ac5b84.js:2
[17853144ms] [ERROR] Failed to load resource: the server responded with a status of 400 () @ https://dash.cloudflare.com/api/v4/accounts/26222712d3392b2288d8a171310de415/registrar/domains/musicbythibaut.com/register:0
[17853203ms] [WARNING] Failed to execute 'postMessage' on 'DOMWindow': The target origin provided ('https://challenges.cloudflare.com') does not match the recipient window's origin ('https://dash.cloudflare.com'). @ https://challenges.cloudflare.com/turnstile/v0/api.js:0
[17853536ms] [LOG] /.*.*=.*/ @ https://challenges.cloudflare.com/cdn-cgi/challenge-platform/h/b/turnstile/f/ov2/av0/rch/1h8qd/0x4AAAAAAAIkKY4HiHOeDV-W/light/fbE/api/normal?lang=auto:0
[17853536ms] [LOG] /.*.*=.*/ @ https://challenges.cloudflare.com/cdn-cgi/challenge-platform/h/b/turnstile/f/ov2/av0/rch/1h8qd/0x4AAAAAAAIkKY4HiHOeDV-W/light/fbE/api/normal?lang=auto:0
[17853536ms] [LOG] function () { [native code] } @ https://challenges.cloudflare.com/cdn-cgi/challenge-platform/h/b/turnstile/f/ov2/av0/rch/1h8qd/0x4AAAAAAAIkKY4HiHOeDV-W/light/fbE/api/normal?lang=auto:0
[17853536ms] [LOG] function () { [native code] } @ https://challenges.cloudflare.com/cdn-cgi/challenge-platform/h/b/turnstile/f/ov2/av0/rch/1h8qd/0x4AAAAAAAIkKY4HiHOeDV-W/light/fbE/api/normal?lang=auto:0
[17853536ms] [LOG] JSHandle@node @ https://challenges.cloudflare.com/cdn-cgi/challenge-platform/h/b/turnstile/f/ov2/av0/rch/1h8qd/0x4AAAAAAAIkKY4HiHOeDV-W/light/fbE/api/normal?lang=auto:0
[17853536ms] [LOG] JSHandle@node @ https://challenges.cloudflare.com/cdn-cgi/challenge-platform/h/b/turnstile/f/ov2/av0/rch/1h8qd/0x4AAAAAAAIkKY4HiHOeDV-W/light/fbE/api/normal?lang=auto:0
[17853536ms] [COUNT]  : 1 @ https://challenges.cloudflare.com/cdn-cgi/challenge-platform/h/b/turnstile/f/ov2/av0/rch/1h8qd/0x4AAAAAAAIkKY4HiHOeDV-W/light/fbE/api/normal?lang=auto:0
[17853536ms] [COUNT]  : 1 @ https://challenges.cloudflare.com/cdn-cgi/challenge-platform/h/b/turnstile/f/ov2/av0/rch/1h8qd/0x4AAAAAAAIkKY4HiHOeDV-W/light/fbE/api/normal?lang=auto:0
[17853536ms] [DIR]  Error @ https://challenges.cloudflare.com/cdn-cgi/challenge-platform/h/b/turnstile/f/ov2/av0/rch/1h8qd/0x4AAAAAAAIkKY4HiHOeDV-W/light/fbE/api/normal?lang=auto:0
[17853537ms] [DIR]  Error @ https://challenges.cloudflare.com/cdn-cgi/challenge-platform/h/b/turnstile/f/ov2/av0/rch/1h8qd/0x4AAAAAAAIkKY4HiHOeDV-W/light/fbE/api/normal?lang=auto:0
[17853537ms] [DIRXML] %c%d font-size:0;color:transparent Error @ https://challenges.cloudflare.com/cdn-cgi/challenge-platform/h/b/turnstile/f/ov2/av0/rch/1h8qd/0x4AAAAAAAIkKY4HiHOeDV-W/light/fbE/api/normal?lang=auto:0
[17853537ms] [DIRXML] %c%d font-size:0;color:transparent Error @ https://challenges.cloudflare.com/cdn-cgi/challenge-platform/h/b/turnstile/f/ov2/av0/rch/1h8qd/0x4AAAAAAAIkKY4HiHOeDV-W/light/fbE/api/normal?lang=auto:0
[17853537ms] [ERROR] %c%d font-size:0;color:transparent NaN @ https://challenges.cloudflare.com/cdn-cgi/challenge-platform/h/b/turnstile/f/ov2/av0/rch/1h8qd/0x4AAAAAAAIkKY4HiHOeDV-W/light/fbE/api/normal?lang=auto:0
[17853537ms] [ERROR] %c%d font-size:0;color:transparent NaN @ https://challenges.cloudflare.com/cdn-cgi/challenge-platform/h/b/turnstile/f/ov2/av0/rch/1h8qd/0x4AAAAAAAIkKY4HiHOeDV-W/light/fbE/api/normal?lang=auto:0
[17853537ms] [INFO] %c%d font-size:0;color:transparent NaN @ https://challenges.cloudflare.com/cdn-cgi/challenge-platform/h/b/turnstile/f/ov2/av0/rch/1h8qd/0x4AAAAAAAIkKY4HiHOeDV-W/light/fbE/api/normal?lang=auto:0
[17853537ms] [INFO] %c%d font-size:0;color:transparent NaN @ https://challenges.cloudflare.com/cdn-cgi/challenge-platform/h/b/turnstile/f/ov2/av0/rch/1h8qd/0x4AAAAAAAIkKY4HiHOeDV-W/light/fbE/api/normal?lang=auto:0
[17853537ms] [LOG] %c%d font-size:0;color:transparent NaN @ https://challenges.cloudflare.com/cdn-cgi/challenge-platform/h/b/turnstile/f/ov2/av0/rch/1h8qd/0x4AAAAAAAIkKY4HiHOeDV-W/light/fbE/api/normal?lang=auto:0
[17853537ms] [LOG] %c%d font-size:0;color:transparent NaN @ https://challenges.cloudflare.com/cdn-cgi/challenge-platform/h/b/turnstile/f/ov2/av0/rch/1h8qd/0x4AAAAAAAIkKY4HiHOeDV-W/light/fbE/api/normal?lang=auto:0
[17853537ms] [TABLE] %c%d font-size:0;color:transparent Error @ https://challenges.cloudflare.com/cdn-cgi/challenge-platform/h/b/turnstile/f/ov2/av0/rch/1h8qd/0x4AAAAAAAIkKY4HiHOeDV-W/light/fbE/api/normal?lang=auto:0
[17853538ms] [TABLE] %c%d font-size:0;color:transparent Error @ https://challenges.cloudflare.com/cdn-cgi/challenge-platform/h/b/turnstile/f/ov2/av0/rch/1h8qd/0x4AAAAAAAIkKY4HiHOeDV-W/light/fbE/api/normal?lang=auto:0
[17853538ms] [WARNING] %c%d font-size:0;color:transparent NaN @ https://challenges.cloudflare.com/cdn-cgi/challenge-platform/h/b/turnstile/f/ov2/av0/rch/1h8qd/0x4AAAAAAAIkKY4HiHOeDV-W/light/fbE/api/normal?lang=auto:0
[17853538ms] [WARNING] %c%d font-size:0;color:transparent NaN @ https://challenges.cloudflare.com/cdn-cgi/challenge-platform/h/b/turnstile/f/ov2/av0/rch/1h8qd/0x4AAAAAAAIkKY4HiHOeDV-W/light/fbE/api/normal?lang=auto:0
[17853778ms] [LOG] The next request for the Private Access Token challenge may return a 401 and show a warning in console. @ https://challenges.cloudflare.com/cdn-cgi/challenge-platform/h/b/turnstile/f/ov2/av0/rch/1h8qd/0x4AAAAAAAIkKY4HiHOeDV-W/light/fbE/api/normal?lang=auto:0
[17853794ms] [ERROR] Failed to load resource: the server responded with a status of 401 () @ https://challenges.cloudflare.com/cdn-cgi/challenge-platform/h/b/pat/9ff6d17acfcb88d1/1779400452481/ea7a89e45a4779e9de99aa3abb613e21e9adc4a37d7d937980ff99a4fb4e3100/meADC_835_hzcvn:0
[17857463ms] [WARNING] The resource https://challenges.cloudflare.com/cdn-cgi/challenge-platform/h/b/cmg/1 was preloaded using link preload but not used within a few seconds from the window's load event. Please make sure it has an appropriate `as` value and it is preloaded intentionally. @ https://challenges.cloudflare.com/cdn-cgi/challenge-platform/h/b/turnstile/f/ov2/av0/rch/1h8qd/0x4AAAAAAAIkKY4HiHOeDV-W/light/fbE/api/normal?lang=auto:0
[18145912ms] [LOG] The next request for the Private Access Token challenge may return a 401 and show a warning in console. @ https://challenges.cloudflare.com/cdn-cgi/challenge-platform/h/b/turnstile/f/ov2/av0/rch/1h8qd/0x4AAAAAAAIkKY4HiHOeDV-W/light/fbE/api/normal?lang=auto:0
[18145933ms] [ERROR] Failed to load resource: the server responded with a status of 401 () @ https://challenges.cloudflare.com/cdn-cgi/challenge-platform/h/b/pat/9ff6d8979b532e6f/1779400743833/16847ab552306e1c4e13f8db42906e021d8572455cea929d767b5df437a2f553/egp_4iXs2G9RCa0:0
[18145977ms] [LOG] /.*.*=.*/ @ https://challenges.cloudflare.com/cdn-cgi/challenge-platform/h/b/turnstile/f/ov2/av0/rch/1h8qd/0x4AAAAAAAIkKY4HiHOeDV-W/light/fbE/api/normal?lang=auto:0
[18145977ms] [LOG] /.*.*=.*/ @ https://challenges.cloudflare.com/cdn-cgi/challenge-platform/h/b/turnstile/f/ov2/av0/rch/1h8qd/0x4AAAAAAAIkKY4HiHOeDV-W/light/fbE/api/normal?lang=auto:0
[18145977ms] [LOG] function () { [native code] } @ https://challenges.cloudflare.com/cdn-cgi/challenge-platform/h/b/turnstile/f/ov2/av0/rch/1h8qd/0x4AAAAAAAIkKY4HiHOeDV-W/light/fbE/api/normal?lang=auto:0
[18145977ms] [LOG] function () { [native code] } @ https://challenges.cloudflare.com/cdn-cgi/challenge-platform/h/b/turnstile/f/ov2/av0/rch/1h8qd/0x4AAAAAAAIkKY4HiHOeDV-W/light/fbE/api/normal?lang=auto:0
[18145977ms] [LOG] JSHandle@node @ https://challenges.cloudflare.com/cdn-cgi/challenge-platform/h/b/turnstile/f/ov2/av0/rch/1h8qd/0x4AAAAAAAIkKY4HiHOeDV-W/light/fbE/api/normal?lang=auto:0
[18145977ms] [LOG] JSHandle@node @ https://challenges.cloudflare.com/cdn-cgi/challenge-platform/h/b/turnstile/f/ov2/av0/rch/1h8qd/0x4AAAAAAAIkKY4HiHOeDV-W/light/fbE/api/normal?lang=auto:0
[18145977ms] [COUNT]  : 1 @ https://challenges.cloudflare.com/cdn-cgi/challenge-platform/h/b/turnstile/f/ov2/av0/rch/1h8qd/0x4AAAAAAAIkKY4HiHOeDV-W/light/fbE/api/normal?lang=auto:0
[18145977ms] [COUNT]  : 1 @ https://challenges.cloudflare.com/cdn-cgi/challenge-platform/h/b/turnstile/f/ov2/av0/rch/1h8qd/0x4AAAAAAAIkKY4HiHOeDV-W/light/fbE/api/normal?lang=auto:0
[18145978ms] [DIR]  Error @ https://challenges.cloudflare.com/cdn-cgi/challenge-platform/h/b/turnstile/f/ov2/av0/rch/1h8qd/0x4AAAAAAAIkKY4HiHOeDV-W/light/fbE/api/normal?lang=auto:0
[18145978ms] [DIR]  Error @ https://challenges.cloudflare.com/cdn-cgi/challenge-platform/h/b/turnstile/f/ov2/av0/rch/1h8qd/0x4AAAAAAAIkKY4HiHOeDV-W/light/fbE/api/normal?lang=auto:0
[18145978ms] [DIRXML] %c%d font-size:0;color:transparent Error @ https://challenges.cloudflare.com/cdn-cgi/challenge-platform/h/b/turnstile/f/ov2/av0/rch/1h8qd/0x4AAAAAAAIkKY4HiHOeDV-W/light/fbE/api/normal?lang=auto:0
[18145978ms] [DIRXML] %c%d font-size:0;color:transparent Error @ https://challenges.cloudflare.com/cdn-cgi/challenge-platform/h/b/turnstile/f/ov2/av0/rch/1h8qd/0x4AAAAAAAIkKY4HiHOeDV-W/light/fbE/api/normal?lang=auto:0
[18145978ms] [ERROR] %c%d font-size:0;color:transparent NaN @ https://challenges.cloudflare.com/cdn-cgi/challenge-platform/h/b/turnstile/f/ov2/av0/rch/1h8qd/0x4AAAAAAAIkKY4HiHOeDV-W/light/fbE/api/normal?lang=auto:0
[18145978ms] [ERROR] %c%d font-size:0;color:transparent NaN @ https://challenges.cloudflare.com/cdn-cgi/challenge-platform/h/b/turnstile/f/ov2/av0/rch/1h8qd/0x4AAAAAAAIkKY4HiHOeDV-W/light/fbE/api/normal?lang=auto:0
[18145979ms] [INFO] %c%d font-size:0;color:transparent NaN @ https://challenges.cloudflare.com/cdn-cgi/challenge-platform/h/b/turnstile/f/ov2/av0/rch/1h8qd/0x4AAAAAAAIkKY4HiHOeDV-W/light/fbE/api/normal?lang=auto:0
[18145979ms] [INFO] %c%d font-size:0;color:transparent NaN @ https://challenges.cloudflare.com/cdn-cgi/challenge-platform/h/b/turnstile/f/ov2/av0/rch/1h8qd/0x4AAAAAAAIkKY4HiHOeDV-W/light/fbE/api/normal?lang=auto:0
[18145979ms] [LOG] %c%d font-size:0;color:transparent NaN @ https://challenges.cloudflare.com/cdn-cgi/challenge-platform/h/b/turnstile/f/ov2/av0/rch/1h8qd/0x4AAAAAAAIkKY4HiHOeDV-W/light/fbE/api/normal?lang=auto:0
[18145979ms] [LOG] %c%d font-size:0;color:transparent NaN @ https://challenges.cloudflare.com/cdn-cgi/challenge-platform/h/b/turnstile/f/ov2/av0/rch/1h8qd/0x4AAAAAAAIkKY4HiHOeDV-W/light/fbE/api/normal?lang=auto:0
[18145979ms] [TABLE] %c%d font-size:0;color:transparent Error @ https://challenges.cloudflare.com/cdn-cgi/challenge-platform/h/b/turnstile/f/ov2/av0/rch/1h8qd/0x4AAAAAAAIkKY4HiHOeDV-W/light/fbE/api/normal?lang=auto:0
[18145979ms] [TABLE] %c%d font-size:0;color:transparent Error @ https://challenges.cloudflare.com/cdn-cgi/challenge-platform/h/b/turnstile/f/ov2/av0/rch/1h8qd/0x4AAAAAAAIkKY4HiHOeDV-W/light/fbE/api/normal?lang=auto:0
[18145979ms] [WARNING] %c%d font-size:0;color:transparent NaN @ https://challenges.cloudflare.com/cdn-cgi/challenge-platform/h/b/turnstile/f/ov2/av0/rch/1h8qd/0x4AAAAAAAIkKY4HiHOeDV-W/light/fbE/api/normal?lang=auto:0
[18145979ms] [WARNING] %c%d font-size:0;color:transparent NaN @ https://challenges.cloudflare.com/cdn-cgi/challenge-platform/h/b/turnstile/f/ov2/av0/rch/1h8qd/0x4AAAAAAAIkKY4HiHOeDV-W/light/fbE/api/normal?lang=auto:0
[18149105ms] [WARNING] The resource https://challenges.cloudflare.com/cdn-cgi/challenge-platform/h/b/cmg/1 was preloaded using link preload but not used within a few seconds from the window's load event. Please make sure it has an appropriate `as` value and it is preloaded intentionally. @ https://challenges.cloudflare.com/cdn-cgi/challenge-platform/h/b/turnstile/f/ov2/av0/rch/1h8qd/0x4AAAAAAAIkKY4HiHOeDV-W/light/fbE/api/normal?lang=auto:0
[18436554ms] [LOG] /.*.*=.*/ @ https://challenges.cloudflare.com/cdn-cgi/challenge-platform/h/b/turnstile/f/ov2/av0/rch/1h8qd/0x4AAAAAAAIkKY4HiHOeDV-W/light/fbE/api/normal?lang=auto:0
[18436554ms] [LOG] /.*.*=.*/ @ https://challenges.cloudflare.com/cdn-cgi/challenge-platform/h/b/turnstile/f/ov2/av0/rch/1h8qd/0x4AAAAAAAIkKY4HiHOeDV-W/light/fbE/api/normal?lang=auto:0
[18436554ms] [LOG] function () { [native code] } @ https://challenges.cloudflare.com/cdn-cgi/challenge-platform/h/b/turnstile/f/ov2/av0/rch/1h8qd/0x4AAAAAAAIkKY4HiHOeDV-W/light/fbE/api/normal?lang=auto:0
[18436554ms] [LOG] function () { [native code] } @ https://challenges.cloudflare.com/cdn-cgi/challenge-platform/h/b/turnstile/f/ov2/av0/rch/1h8qd/0x4AAAAAAAIkKY4HiHOeDV-W/light/fbE/api/normal?lang=auto:0
[18436555ms] [LOG] JSHandle@node @ https://challenges.cloudflare.com/cdn-cgi/challenge-platform/h/b/turnstile/f/ov2/av0/rch/1h8qd/0x4AAAAAAAIkKY4HiHOeDV-W/light/fbE/api/normal?lang=auto:0
[18436555ms] [LOG] JSHandle@node @ https://challenges.cloudflare.com/cdn-cgi/challenge-platform/h/b/turnstile/f/ov2/av0/rch/1h8qd/0x4AAAAAAAIkKY4HiHOeDV-W/light/fbE/api/normal?lang=auto:0
[18436555ms] [COUNT]  : 1 @ https://challenges.cloudflare.com/cdn-cgi/challenge-platform/h/b/turnstile/f/ov2/av0/rch/1h8qd/0x4AAAAAAAIkKY4HiHOeDV-W/light/fbE/api/normal?lang=auto:0
[18436555ms] [COUNT]  : 1 @ https://challenges.cloudflare.com/cdn-cgi/challenge-platform/h/b/turnstile/f/ov2/av0/rch/1h8qd/0x4AAAAAAAIkKY4HiHOeDV-W/light/fbE/api/normal?lang=auto:0
[18436556ms] [DIR]  Error @ https://challenges.cloudflare.com/cdn-cgi/challenge-platform/h/b/turnstile/f/ov2/av0/rch/1h8qd/0x4AAAAAAAIkKY4HiHOeDV-W/light/fbE/api/normal?lang=auto:0
[18436556ms] [DIR]  Error @ https://challenges.cloudflare.com/cdn-cgi/challenge-platform/h/b/turnstile/f/ov2/av0/rch/1h8qd/0x4AAAAAAAIkKY4HiHOeDV-W/light/fbE/api/normal?lang=auto:0
[18436556ms] [DIRXML] %c%d font-size:0;color:transparent Error @ https://challenges.cloudflare.com/cdn-cgi/challenge-platform/h/b/turnstile/f/ov2/av0/rch/1h8qd/0x4AAAAAAAIkKY4HiHOeDV-W/light/fbE/api/normal?lang=auto:0
[18436556ms] [DIRXML] %c%d font-size:0;color:transparent Error @ https://challenges.cloudflare.com/cdn-cgi/challenge-platform/h/b/turnstile/f/ov2/av0/rch/1h8qd/0x4AAAAAAAIkKY4HiHOeDV-W/light/fbE/api/normal?lang=auto:0
[18436556ms] [ERROR] %c%d font-size:0;color:transparent NaN @ https://challenges.cloudflare.com/cdn-cgi/challenge-platform/h/b/turnstile/f/ov2/av0/rch/1h8qd/0x4AAAAAAAIkKY4HiHOeDV-W/light/fbE/api/normal?lang=auto:0
[18436556ms] [ERROR] %c%d font-size:0;color:transparent NaN @ https://challenges.cloudflare.com/cdn-cgi/challenge-platform/h/b/turnstile/f/ov2/av0/rch/1h8qd/0x4AAAAAAAIkKY4HiHOeDV-W/light/fbE/api/normal?lang=auto:0
[18436557ms] [INFO] %c%d font-size:0;color:transparent NaN @ https://challenges.cloudflare.com/cdn-cgi/challenge-platform/h/b/turnstile/f/ov2/av0/rch/1h8qd/0x4AAAAAAAIkKY4HiHOeDV-W/light/fbE/api/normal?lang=auto:0
[18436557ms] [INFO] %c%d font-size:0;color:transparent NaN @ https://challenges.cloudflare.com/cdn-cgi/challenge-platform/h/b/turnstile/f/ov2/av0/rch/1h8qd/0x4AAAAAAAIkKY4HiHOeDV-W/light/fbE/api/normal?lang=auto:0
[18436557ms] [LOG] %c%d font-size:0;color:transparent NaN @ https://challenges.cloudflare.com/cdn-cgi/challenge-platform/h/b/turnstile/f/ov2/av0/rch/1h8qd/0x4AAAAAAAIkKY4HiHOeDV-W/light/fbE/api/normal?lang=auto:0
[18436557ms] [LOG] %c%d font-size:0;color:transparent NaN @ https://challenges.cloudflare.com/cdn-cgi/challenge-platform/h/b/turnstile/f/ov2/av0/rch/1h8qd/0x4AAAAAAAIkKY4HiHOeDV-W/light/fbE/api/normal?lang=auto:0
[18436557ms] [TABLE] %c%d font-size:0;color:transparent Error @ https://challenges.cloudflare.com/cdn-cgi/challenge-platform/h/b/turnstile/f/ov2/av0/rch/1h8qd/0x4AAAAAAAIkKY4HiHOeDV-W/light/fbE/api/normal?lang=auto:0
[18436557ms] [TABLE] %c%d font-size:0;color:transparent Error @ https://challenges.cloudflare.com/cdn-cgi/challenge-platform/h/b/turnstile/f/ov2/av0/rch/1h8qd/0x4AAAAAAAIkKY4HiHOeDV-W/light/fbE/api/normal?lang=auto:0
[18436558ms] [WARNING] %c%d font-size:0;color:transparent NaN @ https://challenges.cloudflare.com/cdn-cgi/challenge-platform/h/b/turnstile/f/ov2/av0/rch/1h8qd/0x4AAAAAAAIkKY4HiHOeDV-W/light/fbE/api/normal?lang=auto:0
[18436558ms] [WARNING] %c%d font-size:0;color:transparent NaN @ https://challenges.cloudflare.com/cdn-cgi/challenge-platform/h/b/turnstile/f/ov2/av0/rch/1h8qd/0x4AAAAAAAIkKY4HiHOeDV-W/light/fbE/api/normal?lang=auto:0
[18436769ms] [LOG] The next request for the Private Access Token challenge may return a 401 and show a warning in console. @ https://challenges.cloudflare.com/cdn-cgi/challenge-platform/h/b/turnstile/f/ov2/av0/rch/1h8qd/0x4AAAAAAAIkKY4HiHOeDV-W/light/fbE/api/normal?lang=auto:0
[18436785ms] [ERROR] Failed to load resource: the server responded with a status of 401 () @ https://challenges.cloudflare.com/cdn-cgi/challenge-platform/h/b/pat/9ff6dfb62d126528/1779401035432/9bd39f21353fcb8b0ca8ad8e2e03e0ea6901158919377da1ea3e34f06694d539/9Cbtf6nMaf9pD9t:0
[18440605ms] [WARNING] The resource https://challenges.cloudflare.com/cdn-cgi/challenge-platform/h/b/cmg/1 was preloaded using link preload but not used within a few seconds from the window's load event. Please make sure it has an appropriate `as` value and it is preloaded intentionally. @ https://challenges.cloudflare.com/cdn-cgi/challenge-platform/h/b/turnstile/f/ov2/av0/rch/1h8qd/0x4AAAAAAAIkKY4HiHOeDV-W/light/fbE/api/normal?lang=auto:0
